timestamp,largeDestCount,connectionCount,pendingMessageCount,pendingMessageSize,inboundMessageRate,inboundMessageCount,outboundMessageRate,outboundMessageCount,queueCount,consumerCount,producerCount,topicCount,msgMem,diskReadRate,durableCount,diskWriteRate,sessionCount,asyncDBSize,syncDBSize,msgMemPooled,routeRecoverCount,adminConnectionCount,outboundBytesRate,inboundBytesRate,diskReadOperationsRate,clientConnectionCount,diskWriteOperationsRate,RespTime
Fri Aug 30 09:11:18 695 BST 2019,0,1,0,0,0,213,0,212,8,1,1,5,12861,0,0,0,1,3072,2048,53248,0,-1,0,0,0,-1,0,1
Fri Aug 30 09:11:48 707 BST 2019,0,2,0,0,0,215,0,214,8,3,1,7,17525,0,0,0,2,3072,2048,53248,0,-1,0,0,0,-1,0,2
Fri Aug 30 09:12:18 712 BST 2019,0,2,0,0,0,220,0,219,8,3,1,7,17526,0,0,0,2,3072,2048,53248,0,-1,0,0,0,-1,0,0
Fri Aug 30 09:12:48 714 BST 2019,0,2,0,0,0,223,0,222,8,3,1,7,17526,0,0,0,2,3072,2048,53248,0,-1,0,0,0,-1,0,0
Fri Aug 30 09:13:18 718 BST 2019,0,2,0,0,0,226,0,225,8,3,1,7,17691,0,0,0,2,3072,2048,53248,0,-1,0,0,0,-1,0,2
Fri Aug 30 09:13:48 721 BST 2019,0,2,0,0,0,229,0,228,8,3,1,7,17691,0,0,0,2,3072,2048,53248,0,-1,0,0,0,-1,0,0
Fri Aug 30 09:14:18 722 BST 2019,0,2,0,0,0,232,0,231,8,3,1,7,17691,0,0,0,2,3072,2048,53248,0,-1,0,0,0,-1,0,1
Fri Aug 30 09:14:48 726 BST 2019,0,2,0,0,0,235,0,234,8,3,1,7,17691,0,0,0,2,3072,2048,53248,0,-1,0,0,0,-1,0,2
Fri Aug 30 09:15:18 729 BST 2019,0,2,0,0,0,238,0,237,8,3,1,7,17691,0,0,0,2,3072,2048,53248,0,-1,0,0,0,-1,0,0
Fri Aug 30 09:15:48 730 BST 2019,0,2,0,0,0,241,0,240,8,3,1,7,17691,0,0,0,2,3072,2048,53248,0,-1,0,0,0,-1,0,0
Fri Aug 30 09:16:18 743 BST 2019,0,2,0,0,0,244,0,243,8,3,1,7,17691,0,0,0,2,3072,2048,53248,0,-1,0,0,0,-1,0,3
Fri Aug 30 09:16:48 768 BST 2019,0,2,0,0,0,247,0,246,8,3,1,7,17691,0,0,0,2,3072,2048,53248,0,-1,0,0,0,-1,0,23
Fri Aug 30 09:17:18 772 BST 2019,0,2,0,0,0,250,0,249,8,3,1,7,17691,0,0,0,2,3072,2048,53248,0,-1,0,0,0,-1,0,2
Fri Aug 30 09:17:48 775 BST 2019,0,2,0,0,0,253,0,252,8,3,1,7,17691,0,0,0,2,3072,2048,53248,0,-1,0,0,0,-1,0,1
Fri Aug 30 09:18:18 780 BST 2019,0,2,0,0,0,256,0,255,8,3,1,7,17691,0,0,0,2,3072,2048,53248,0,-1,0,0,0,-1,0,2
Fri Aug 30 09:18:48 783 BST 2019,0,2,0,0,0,259,0,258,8,3,1,7,17691,0,0,0,2,3072,2048,53248,0,-1,0,0,0,-1,0,0
Fri Aug 30 09:19:18 790 BST 2019,0,2,0,0,0,262,0,261,8,3,1,7,17691,0,0,0,2,3072,2048,53248,0,-1,0,0,0,-1,0,0
Fri Aug 30 09:19:48 793 BST 2019,0,2,0,0,0,265,0,264,8,3,1,7,17691,0,0,0,2,3072,2048,53248,0,-1,0,0,0,-1,0,0
Fri Aug 30 09:20:18 794 BST 2019,0,2,0,0,0,268,0,267,8,3,1,7,17691,0,0,0,2,3072,2048,53248,0,-1,0,0,0,-1,0,0
Fri Aug 30 09:20:48 795 BST 2019,0,2,0,0,0,271,0,270,8,3,1,7,17691,0,0,0,2,3072,2048,53248,0,-1,0,0,0,-1,0,0
Fri Aug 30 09:21:18 797 BST 2019,0,2,0,0,0,274,0,273,8,3,1,7,17691,0,0,0,2,3072,2048,53248,0,-1,0,0,0,-1,0,0
Fri Aug 30 09:21:48 798 BST 2019,0,2,0,0,0,277,0,276,8,3,1,7,17691,0,0,0,2,3072,2048,53248,0,-1,0,0,0,-1,0,0
Fri Aug 30 09:22:18 799 BST 2019,0,2,0,0,0,280,0,279,8,3,1,7,17691,0,0,0,2,3072,2048,53248,0,-1,0,0,0,-1,0,0
Fri Aug 30 09:22:48 802 BST 2019,0,2,0,0,0,283,0,282,8,3,1,7,17691,0,0,0,2,3072,2048,53248,0,-1,0,0,0,-1,0,2
Fri Aug 30 09:23:18 804 BST 2019,0,2,0,0,0,286,0,285,8,3,1,7,17691,0,0,0,2,3072,2048,53248,0,-1,0,0,0,-1,0,0
Fri Aug 30 09:23:48 809 BST 2019,0,2,0,0,0,289,0,288,8,3,1,7,17691,0,0,0,2,3072,2048,53248,0,-1,0,0,0,-1,0,2
Fri Aug 30 09:24:18 811 BST 2019,0,2,0,0,0,292,0,291,8,3,1,7,17691,0,0,0,2,3072,2048,53248,0,-1,0,0,0,-1,0,0
Fri Aug 30 09:24:48 814 BST 2019,0,2,0,0,0,295,0,294,8,3,1,7,17691,0,0,0,2,3072,2048,53248,0,-1,0,0,0,-1,0,2
Fri Aug 30 09:25:18 818 BST 2019,0,2,0,0,0,298,0,297,8,3,1,7,17691,0,0,0,2,3072,2048,53248,0,-1,0,0,0,-1,0,1
Fri Aug 30 09:25:48 822 BST 2019,0,2,0,0,0,301,0,300,8,3,1,7,17691,0,0,0,2,3072,2048,53248,0,-1,0,0,0,-1,0,2
Fri Aug 30 09:26:18 825 BST 2019,0,2,0,0,0,304,0,303,8,3,1,7,17691,0,0,0,2,3072,2048,53248,0,-1,0,0,0,-1,0,1
Fri Aug 30 09:26:48 830 BST 2019,0,2,0,0,0,307,0,306,8,3,1,7,17691,0,0,0,2,3072,2048,53248,0,-1,0,0,0,-1,0,3
Fri Aug 30 09:27:18 832 BST 2019,0,2,0,0,0,310,0,309,8,3,1,7,17692,0,0,0,2,3072,2048,53248,0,-1,0,0,0,-1,0,0
Fri Aug 30 09:27:48 836 BST 2019,0,2,0,0,0,313,0,312,8,3,1,7,17692,0,0,0,2,3072,2048,53248,0,-1,0,0,0,-1,0,2
Fri Aug 30 09:28:18 840 BST 2019,0,2,0,0,0,316,0,315,8,3,1,7,17692,0,0,0,2,3072,2048,53248,0,-1,0,0,0,-1,0,2
Fri Aug 30 09:28:48 845 BST 2019,0,2,0,0,0,319,0,318,8,3,1,7,17692,0,0,0,2,3072,2048,53248,0,-1,0,0,0,-1,0,3
Fri Aug 30 09:29:18 851 BST 2019,0,2,0,0,0,322,0,321,8,3,1,7,17692,0,0,0,2,3072,2048,53248,0,-1,0,0,0,-1,0,2
Fri Aug 30 09:29:48 856 BST 2019,0,2,0,0,0,325,0,324,8,3,1,7,17692,0,0,0,2,3072,2048,53248,0,-1,0,0,0,-1,0,2
Fri Aug 30 09:30:18 861 BST 2019,0,2,0,0,0,328,0,327,8,3,1,7,17692,0,0,0,2,3072,2048,53248,0,-1,0,0,0,-1,0,2
Fri Aug 30 09:30:48 863 BST 2019,0,2,0,0,0,331,0,330,8,3,1,7,17692,0,0,0,2,3072,2048,53248,0,-1,0,0,0,-1,0,1
Fri Aug 30 09:31:18 868 BST 2019,0,2,0,0,0,334,0,333,8,3,1,7,17692,0,0,0,2,3072,2048,53248,0,-1,0,0,0,-1,0,2
Fri Aug 30 09:31:48 873 BST 2019,0,2,0,0,0,337,0,336,8,3,1,7,17692,0,0,0,2,3072,2048,53248,0,-1,0,0,0,-1,0,3
Fri Aug 30 09:32:18 876 BST 2019,0,2,0,0,0,340,0,339,8,3,1,7,17692,0,0,0,2,3072,2048,53248,0,-1,0,0,0,-1,0,0
Fri Aug 30 09:32:48 880 BST 2019,0,2,0,0,0,343,0,342,8,3,1,7,17692,0,0,0,2,3072,2048,53248,0,-1,0,0,0,-1,0,3
Fri Aug 30 09:33:18 883 BST 2019,0,2,0,0,0,346,0,345,8,3,1,7,17692,0,0,0,2,3072,2048,53248,0,-1,0,0,0,-1,0,0
Fri Aug 30 09:33:48 888 BST 2019,0,2,0,0,0,349,0,348,8,3,1,7,17692,0,0,0,2,3072,2048,53248,0,-1,0,0,0,-1,0,3
Fri Aug 30 09:34:18 891 BST 2019,0,2,0,0,0,352,0,351,8,3,1,7,17692,0,0,0,2,3072,2048,53248,0,-1,0,0,0,-1,0,1
Fri Aug 30 09:34:48 893 BST 2019,0,2,0,0,0,355,0,354,8,3,1,7,17692,0,0,0,2,3072,2048,53248,0,-1,0,0,0,-1,0,1
Fri Aug 30 09:35:18 897 BST 2019,0,2,0,0,0,358,0,357,8,3,1,7,17692,0,0,0,2,3072,2048,53248,0,-1,0,0,0,-1,0,3
Fri Aug 30 09:35:48 901 BST 2019,0,2,0,0,0,361,0,360,8,3,1,7,17692,0,0,0,2,3072,2048,53248,0,-1,0,0,0,-1,0,2
Fri Aug 30 09:36:18 907 BST 2019,0,2,0,0,0,364,0,363,8,3,1,7,17692,0,0,0,2,3072,2048,53248,0,-1,0,0,0,-1,0,2
Fri Aug 30 09:36:48 910 BST 2019,0,2,0,0,0,367,0,366,8,3,1,7,17692,0,0,0,2,3072,2048,53248,0,-1,0,0,0,-1,0,2
Fri Aug 30 09:37:18 916 BST 2019,0,2,0,0,0,370,0,369,8,3,1,7,17692,0,0,0,2,3072,2048,53248,0,-1,0,0,0,-1,0,4
Fri Aug 30 09:37:48 919 BST 2019,0,2,0,0,0,373,0,372,8,3,1,7,17692,0,0,0,2,3072,2048,53248,0,-1,0,0,0,-1,0,1
Fri Aug 30 09:38:18 924 BST 2019,0,2,0,0,0,376,0,375,8,3,1,7,17692,0,0,0,2,3072,2048,53248,0,-1,0,0,0,-1,0,2
Fri Aug 30 09:38:48 927 BST 2019,0,2,0,0,0,379,0,378,8,3,1,7,17692,0,0,0,2,3072,2048,53248,0,-1,0,0,0,-1,0,0
Fri Aug 30 09:39:18 930 BST 2019,0,2,0,0,0,382,0,381,8,3,1,7,17692,0,0,0,2,3072,2048,53248,0,-1,0,0,0,-1,0,2
Fri Aug 30 09:39:48 933 BST 2019,0,2,0,0,0,385,0,384,8,3,1,7,17692,0,0,0,2,3072,2048,53248,0,-1,0,0,0,-1,0,0
Fri Aug 30 09:40:18 934 BST 2019,0,2,0,0,0,388,0,387,8,3,1,7,17692,0,0,0,2,3072,2048,53248,0,-1,0,0,0,-1,0,1
Fri Aug 30 09:40:48 936 BST 2019,0,2,0,0,0,391,0,390,8,3,1,7,17692,0,0,0,2,3072,2048,53248,0,-1,0,0,0,-1,0,1
Fri Aug 30 09:41:18 941 BST 2019,0,2,0,0,0,394,0,393,8,3,1,7,17692,0,0,0,2,3072,2048,53248,0,-1,0,0,0,-1,0,2
Fri Aug 30 09:41:48 942 BST 2019,0,2,0,0,0,397,0,396,8,3,1,7,17692,0,0,0,2,3072,2048,53248,0,-1,0,0,0,-1,0,1
Fri Aug 30 09:42:18 944 BST 2019,0,2,0,0,0,400,0,399,8,3,1,7,17692,0,0,0,2,3072,2048,53248,0,-1,0,0,0,-1,0,0
Fri Aug 30 09:42:48 949 BST 2019,0,2,0,0,0,403,0,402,8,3,1,7,17692,0,0,0,2,3072,2048,53248,0,-1,0,0,0,-1,0,3
Fri Aug 30 09:43:18 953 BST 2019,0,2,0,0,0,406,0,405,8,3,1,7,17692,0,0,0,2,3072,2048,53248,0,-1,0,0,0,-1,0,2
Fri Aug 30 09:43:48 956 BST 2019,0,2,0,0,0,409,0,408,8,3,1,7,17692,0,0,0,2,3072,2048,53248,0,-1,0,0,0,-1,0,1
Fri Aug 30 09:44:18 958 BST 2019,0,2,0,0,0,412,0,411,8,3,1,7,17692,0,0,0,2,3072,2048,53248,0,-1,0,0,0,-1,0,0
Fri Aug 30 09:44:48 961 BST 2019,0,2,0,0,0,415,0,414,8,3,1,7,17692,0,0,0,2,3072,2048,53248,0,-1,0,0,0,-1,0,2
Fri Aug 30 09:45:18 964 BST 2019,0,2,0,0,0,418,0,417,8,3,1,7,17692,0,0,0,2,3072,2048,53248,0,-1,0,0,0,-1,0,0
Fri Aug 30 09:45:48 967 BST 2019,0,2,0,0,0,421,0,420,8,3,1,7,17692,0,0,0,2,3072,2048,53248,0,-1,0,0,0,-1,0,2
Fri Aug 30 09:46:18 970 BST 2019,0,2,0,0,0,424,0,423,8,3,1,7,17692,0,0,0,2,3072,2048,53248,0,-1,0,0,0,-1,0,1
Fri Aug 30 09:46:48 974 BST 2019,0,2,0,0,0,427,0,426,8,3,1,7,17692,0,0,0,2,3072,2048,53248,0,-1,0,0,0,-1,0,3
Fri Aug 30 09:47:18 976 BST 2019,0,2,0,0,0,430,0,429,8,3,1,7,17692,0,0,0,2,3072,2048,53248,0,-1,0,0,0,-1,0,0
Fri Aug 30 09:47:48 980 BST 2019,0,2,0,0,0,433,0,432,8,3,1,7,17692,0,0,0,2,3072,2048,53248,0,-1,0,0,0,-1,0,2
Fri Aug 30 09:48:18 985 BST 2019,0,2,0,0,0,436,0,435,8,3,1,7,17692,0,0,0,2,3072,2048,53248,0,-1,0,0,0,-1,0,2
Fri Aug 30 09:48:48 987 BST 2019,0,2,0,0,0,439,0,438,8,3,1,7,17692,0,0,0,2,3072,2048,53248,0,-1,0,0,0,-1,0,0
Fri Aug 30 09:49:18 990 BST 2019,0,2,0,0,0,442,0,441,8,3,1,7,17692,0,0,0,2,3072,2048,53248,0,-1,0,0,0,-1,0,2
Fri Aug 30 09:49:48 993 BST 2019,0,2,0,0,0,445,0,444,8,3,1,7,17692,0,0,0,2,3072,2048,53248,0,-1,0,0,0,-1,0,2
Fri Aug 30 09:50:18 998 BST 2019,0,2,0,0,0,448,0,447,8,3,1,7,17692,0,0,0,2,3072,2048,53248,0,-1,0,0,0,-1,0,2
Fri Aug 30 09:50:49 000 BST 2019,0,2,0,0,0,451,0,450,8,3,1,7,17692,0,0,0,2,3072,2048,53248,0,-1,0,0,0,-1,0,0
Fri Aug 30 09:51:19 005 BST 2019,0,2,0,0,0,454,0,453,8,3,1,7,17692,0,0,0,2,3072,2048,53248,0,-1,0,0,0,-1,0,2
Fri Aug 30 09:51:49 006 BST 2019,0,2,0,0,0,457,0,456,8,3,1,7,17692,0,0,0,2,3072,2048,53248,0,-1,0,0,0,-1,0,0
Fri Aug 30 09:52:19 010 BST 2019,0,2,0,0,0,460,0,459,8,3,1,7,17692,0,0,0,2,3072,2048,53248,0,-1,0,0,0,-1,0,2
Fri Aug 30 09:52:49 014 BST 2019,0,2,0,0,0,463,0,462,8,3,1,7,17692,0,0,0,2,3072,2048,53248,0,-1,0,0,0,-1,0,2
Fri Aug 30 09:53:19 019 BST 2019,0,2,0,0,0,466,0,465,8,3,1,7,17692,0,0,0,2,3072,2048,53248,0,-1,0,0,0,-1,0,2
Fri Aug 30 09:53:49 021 BST 2019,0,2,0,0,0,469,0,468,8,3,1,7,17692,0,0,0,2,3072,2048,53248,0,-1,0,0,0,-1,0,0
Fri Aug 30 09:54:19 024 BST 2019,0,2,0,0,0,472,0,471,8,3,1,7,17692,0,0,0,2,3072,2048,53248,0,-1,0,0,0,-1,0,2
Fri Aug 30 09:54:49 029 BST 2019,0,2,0,0,0,475,0,474,8,3,1,7,17692,0,0,0,2,3072,2048,53248,0,-1,0,0,0,-1,0,2
Fri Aug 30 09:55:19 034 BST 2019,0,2,0,0,0,478,0,477,8,3,1,7,17692,0,0,0,2,3072,2048,53248,0,-1,0,0,0,-1,0,2
Fri Aug 30 09:55:49 038 BST 2019,0,2,0,0,0,481,0,480,8,3,1,7,17692,0,0,0,2,3072,2048,53248,0,-1,0,0,0,-1,0,2
Fri Aug 30 09:56:19 042 BST 2019,0,2,0,0,0,484,0,483,8,3,1,7,17692,0,0,0,2,3072,2048,53248,0,-1,0,0,0,-1,0,2
Fri Aug 30 09:56:49 046 BST 2019,0,2,0,0,0,487,0,486,8,3,1,7,17692,0,0,0,2,3072,2048,53248,0,-1,0,0,0,-1,0,2
Fri Aug 30 09:57:19 051 BST 2019,0,2,0,0,0,490,0,489,8,3,1,7,17692,0,0,0,2,3072,2048,53248,0,-1,0,0,0,-1,0,2
Fri Aug 30 09:57:49 055 BST 2019,0,2,0,0,0,493,0,492,8,3,1,7,17692,0,0,0,2,3072,2048,53248,0,-1,0,0,0,-1,0,2
Fri Aug 30 09:58:19 060 BST 2019,0,2,0,0,0,496,0,495,8,3,1,7,17692,0,0,0,2,3072,2048,53248,0,-1,0,0,0,-1,0,2
Fri Aug 30 09:58:49 062 BST 2019,0,2,0,0,0,499,0,498,8,3,1,7,17692,0,0,0,2,3072,2048,53248,0,-1,0,0,0,-1,0,0
Fri Aug 30 09:59:19 066 BST 2019,0,2,0,0,0,502,0,501,8,3,1,7,17692,0,0,0,2,3072,2048,53248,0,-1,0,0,0,-1,0,2
Fri Aug 30 09:59:49 071 BST 2019,0,2,0,0,0,505,0,504,8,3,1,7,17692,0,0,0,2,3072,2048,53248,0,-1,0,0,0,-1,0,2
Fri Aug 30 10:00:19 073 BST 2019,0,2,0,0,0,508,0,507,8,3,1,7,17692,0,0,0,2,3072,2048,53248,0,-1,0,0,0,-1,0,0
Fri Aug 30 10:00:49 076 BST 2019,0,2,0,0,0,511,0,510,8,3,1,7,17692,0,0,0,2,3072,2048,53248,0,-1,0,0,0,-1,0,2
Fri Aug 30 10:01:19 080 BST 2019,0,2,0,0,0,514,0,513,8,3,1,7,17692,0,0,0,2,3072,2048,53248,0,-1,0,0,0,-1,0,2
Fri Aug 30 10:01:49 083 BST 2019,0,2,0,0,0,517,0,516,8,3,1,7,17692,0,0,0,2,3072,2048,53248,0,-1,0,0,0,-1,0,0
Fri Aug 30 10:02:19 084 BST 2019,0,2,0,0,0,520,0,519,8,3,1,7,17692,0,0,0,2,3072,2048,53248,0,-1,0,0,0,-1,0,0
Fri Aug 30 10:02:49 085 BST 2019,0,2,0,0,0,523,0,522,8,3,1,7,17692,0,0,0,2,3072,2048,53248,0,-1,0,0,0,-1,0,0
Fri Aug 30 10:03:19 086 BST 2019,0,2,0,0,0,526,0,525,8,3,1,7,17692,0,0,0,2,3072,2048,53248,0,-1,0,0,0,-1,0,0
Fri Aug 30 10:03:49 091 BST 2019,0,2,0,0,0,529,0,528,8,3,1,7,17692,0,0,0,2,3072,2048,53248,0,-1,0,0,0,-1,0,2
Fri Aug 30 10:04:19 093 BST 2019,0,2,0,0,0,532,0,531,8,3,1,7,17692,0,0,0,2,3072,2048,53248,0,-1,0,0,0,-1,0,0
Fri Aug 30 10:04:49 097 BST 2019,0,2,0,0,0,535,0,534,8,3,1,7,17692,0,0,0,2,3072,2048,53248,0,-1,0,0,0,-1,0,2
Fri Aug 30 10:05:19 099 BST 2019,0,2,0,0,0,538,0,537,8,3,1,7,17692,0,0,0,2,3072,2048,53248,0,-1,0,0,0,-1,0,1
Fri Aug 30 10:05:49 102 BST 2019,0,2,0,0,0,541,0,540,8,3,1,7,17692,0,0,0,2,3072,2048,53248,0,-1,0,0,0,-1,0,1
Fri Aug 30 10:06:19 103 BST 2019,0,2,0,0,0,544,0,543,8,3,1,7,17692,0,0,0,2,3072,2048,53248,0,-1,0,0,0,-1,0,0
Fri Aug 30 10:06:49 104 BST 2019,0,2,0,0,0,547,0,546,8,3,1,7,17692,0,0,0,2,3072,2048,53248,0,-1,0,0,0,-1,0,1
Fri Aug 30 10:07:19 107 BST 2019,0,2,0,0,0,550,0,549,8,3,1,7,17692,0,0,0,2,3072,2048,53248,0,-1,0,0,0,-1,0,2
Fri Aug 30 10:07:49 110 BST 2019,0,2,0,0,0,553,0,552,8,3,1,7,17692,0,0,0,2,3072,2048,53248,0,-1,0,0,0,-1,0,0
Fri Aug 30 10:08:19 113 BST 2019,0,2,0,0,0,556,0,555,8,3,1,7,17692,0,0,0,2,3072,2048,53248,0,-1,0,0,0,-1,0,2
Fri Aug 30 10:08:49 115 BST 2019,0,2,0,0,0,559,0,558,8,3,1,7,17692,0,0,0,2,3072,2048,53248,0,-1,0,0,0,-1,0,0
Fri Aug 30 10:09:19 119 BST 2019,0,2,0,0,0,562,0,561,8,3,1,7,17692,0,0,0,2,3072,2048,53248,0,-1,0,0,0,-1,0,2
Fri Aug 30 10:09:49 123 BST 2019,0,2,0,0,0,565,0,564,8,3,1,7,17692,0,0,0,2,3072,2048,53248,0,-1,0,0,0,-1,0,2
Fri Aug 30 10:10:19 126 BST 2019,0,2,0,0,0,568,0,567,8,3,1,7,17692,0,0,0,2,3072,2048,53248,0,-1,0,0,0,-1,0,2
Fri Aug 30 10:10:49 128 BST 2019,0,2,0,0,0,571,0,570,8,3,1,7,17692,0,0,0,2,3072,2048,53248,0,-1,0,0,0,-1,0,0
Fri Aug 30 10:11:19 130 BST 2019,0,2,0,0,0,574,0,573,8,3,1,7,17692,0,0,0,2,3072,2048,53248,0,-1,0,0,0,-1,0,0
Fri Aug 30 10:11:49 134 BST 2019,0,2,0,0,0,577,0,576,8,3,1,7,17692,0,0,0,2,3072,2048,53248,0,-1,0,0,0,-1,0,2
Fri Aug 30 10:12:19 139 BST 2019,0,2,0,0,0,580,0,579,8,3,1,7,17692,0,0,0,2,3072,2048,53248,0,-1,0,0,0,-1,0,2
Fri Aug 30 10:12:49 142 BST 2019,0,2,0,0,0,583,0,582,8,3,1,7,17692,0,0,0,2,3072,2048,53248,0,-1,0,0,0,-1,0,1
Fri Aug 30 10:13:19 146 BST 2019,0,2,0,0,0,586,0,585,8,3,1,7,17692,0,0,0,2,3072,2048,53248,0,-1,0,0,0,-1,0,2
Fri Aug 30 10:13:49 150 BST 2019,0,2,0,0,0,589,0,588,8,3,1,7,17692,0,0,0,2,3072,2048,53248,0,-1,0,0,0,-1,0,1
Fri Aug 30 10:14:19 151 BST 2019,0,2,0,0,0,592,0,591,8,3,1,7,17692,0,0,0,2,3072,2048,53248,0,-1,0,0,0,-1,0,0
Fri Aug 30 10:14:49 152 BST 2019,0,2,0,0,0,595,0,594,8,3,1,7,17692,0,0,0,2,3072,2048,53248,0,-1,0,0,0,-1,0,0
Fri Aug 30 10:15:19 155 BST 2019,0,2,0,0,0,598,0,597,8,3,1,7,17692,0,0,0,2,3072,2048,53248,0,-1,0,0,0,-1,0,2
Fri Aug 30 10:15:49 158 BST 2019,0,2,0,0,0,601,0,600,8,3,1,7,17692,0,0,0,2,3072,2048,53248,0,-1,0,0,0,-1,0,1
Fri Aug 30 10:16:19 163 BST 2019,0,2,0,0,0,604,0,603,8,3,1,7,17692,0,0,0,2,3072,2048,53248,0,-1,0,0,0,-1,0,2
Fri Aug 30 10:16:49 167 BST 2019,0,2,0,0,0,607,0,606,8,3,1,7,17692,0,0,0,2,3072,2048,53248,0,-1,0,0,0,-1,0,2
Fri Aug 30 10:17:19 171 BST 2019,0,2,0,0,0,610,0,609,8,3,1,7,17692,0,0,0,2,3072,2048,53248,0,-1,0,0,0,-1,0,2
Fri Aug 30 10:17:49 176 BST 2019,0,2,0,0,0,613,0,612,8,3,1,7,17692,0,0,0,2,3072,2048,53248,0,-1,0,0,0,-1,0,2
Fri Aug 30 10:18:19 179 BST 2019,0,2,0,0,0,616,0,615,8,3,1,7,17692,0,0,0,2,3072,2048,53248,0,-1,0,0,0,-1,0,2
Fri Aug 30 10:18:49 183 BST 2019,0,2,0,0,0,619,0,618,8,3,1,7,17692,0,0,0,2,3072,2048,53248,0,-1,0,0,0,-1,0,2
Fri Aug 30 10:19:19 187 BST 2019,0,2,0,0,0,622,0,621,8,3,1,7,17692,0,0,0,2,3072,2048,53248,0,-1,0,0,0,-1,0,2
Fri Aug 30 10:19:49 188 BST 2019,0,2,0,0,0,625,0,624,8,3,1,7,17692,0,0,0,2,3072,2048,53248,0,-1,0,0,0,-1,0,0
Fri Aug 30 10:20:19 192 BST 2019,0,2,0,0,0,628,0,627,8,3,1,7,17692,0,0,0,2,3072,2048,53248,0,-1,0,0,0,-1,0,2
Fri Aug 30 10:20:49 196 BST 2019,0,2,0,0,0,631,0,630,8,3,1,7,17692,0,0,0,2,3072,2048,53248,0,-1,0,0,0,-1,0,2
Fri Aug 30 10:21:19 198 BST 2019,0,2,0,0,0,634,0,633,8,3,1,7,17692,0,0,0,2,3072,2048,53248,0,-1,0,0,0,-1,0,1
Fri Aug 30 10:21:49 201 BST 2019,0,2,0,0,0,637,0,636,8,3,1,7,17692,0,0,0,2,3072,2048,53248,0,-1,0,0,0,-1,0,2
Fri Aug 30 10:22:19 203 BST 2019,0,2,0,0,0,640,0,639,8,3,1,7,17692,0,0,0,2,3072,2048,53248,0,-1,0,0,0,-1,0,0
Fri Aug 30 10:22:49 207 BST 2019,0,2,0,0,0,643,0,642,8,3,1,7,17692,0,0,0,2,3072,2048,53248,0,-1,0,0,0,-1,0,2
Fri Aug 30 10:23:19 212 BST 2019,0,2,0,0,0,646,0,645,8,3,1,7,17692,0,0,0,2,3072,2048,53248,0,-1,0,0,0,-1,0,2
Fri Aug 30 10:23:49 215 BST 2019,0,2,0,0,0,649,0,648,8,3,1,7,17692,0,0,0,2,3072,2048,53248,0,-1,0,0,0,-1,0,0
Fri Aug 30 10:24:19 218 BST 2019,0,2,0,0,0,652,0,651,8,3,1,7,17692,0,0,0,2,3072,2048,53248,0,-1,0,0,0,-1,0,2
Fri Aug 30 10:24:49 223 BST 2019,0,2,0,0,0,655,0,654,8,3,1,7,17692,0,0,0,2,3072,2048,53248,0,-1,0,0,0,-1,0,2
Fri Aug 30 10:25:19 227 BST 2019,0,2,0,0,0,658,0,657,8,3,1,7,17692,0,0,0,2,3072,2048,53248,0,-1,0,0,0,-1,0,2
Fri Aug 30 10:25:49 230 BST 2019,0,2,0,0,0,661,0,660,8,3,1,7,17692,0,0,0,2,3072,2048,53248,0,-1,0,0,0,-1,0,2
Fri Aug 30 10:26:19 234 BST 2019,0,2,0,0,0,664,0,663,8,3,1,7,17692,0,0,0,2,3072,2048,53248,0,-1,0,0,0,-1,0,2
Fri Aug 30 10:26:49 238 BST 2019,0,2,0,0,0,667,0,666,8,3,1,7,17692,0,0,0,2,3072,2048,53248,0,-1,0,0,0,-1,0,2
Fri Aug 30 10:27:19 242 BST 2019,0,2,0,0,0,670,0,669,8,3,1,7,17692,0,0,0,2,3072,2048,53248,0,-1,0,0,0,-1,0,2
Fri Aug 30 10:27:49 245 BST 2019,0,2,0,0,0,673,0,672,8,3,1,7,17692,0,0,0,2,3072,2048,53248,0,-1,0,0,0,-1,0,2
Fri Aug 30 10:28:19 250 BST 2019,0,2,0,0,0,676,0,675,8,3,1,7,17692,0,0,0,2,3072,2048,53248,0,-1,0,0,0,-1,0,2
Fri Aug 30 10:28:49 254 BST 2019,0,2,0,0,0,679,0,678,8,3,1,7,17692,0,0,0,2,3072,2048,53248,0,-1,0,0,0,-1,0,2
Fri Aug 30 10:29:19 258 BST 2019,0,2,0,0,0,682,0,681,8,3,1,7,17692,0,0,0,2,3072,2048,53248,0,-1,0,0,0,-1,0,2
Fri Aug 30 10:29:49 261 BST 2019,0,2,0,0,0,685,0,684,8,3,1,7,17692,0,0,0,2,3072,2048,53248,0,-1,0,0,0,-1,0,2
Fri Aug 30 10:30:19 266 BST 2019,0,2,0,0,0,688,0,687,8,3,1,7,17692,0,0,0,2,3072,2048,53248,0,-1,0,0,0,-1,0,2
Fri Aug 30 10:30:49 267 BST 2019,0,2,0,0,0,691,0,690,8,3,1,7,17692,0,0,0,2,3072,2048,53248,0,-1,0,0,0,-1,0,0
Fri Aug 30 10:31:19 271 BST 2019,0,2,0,0,0,694,0,693,8,3,1,7,17692,0,0,0,2,3072,2048,53248,0,-1,0,0,0,-1,0,2
Fri Aug 30 10:31:49 274 BST 2019,0,2,0,0,0,697,0,696,8,3,1,7,17692,0,0,0,2,3072,2048,53248,0,-1,0,0,0,-1,0,2
Fri Aug 30 10:32:19 278 BST 2019,0,2,0,0,0,700,0,699,8,3,1,7,17692,0,0,0,2,3072,2048,53248,0,-1,0,0,0,-1,0,2
Fri Aug 30 10:32:49 283 BST 2019,0,2,0,0,0,703,0,702,8,3,1,7,17692,0,0,0,2,3072,2048,53248,0,-1,0,0,0,-1,0,2
Fri Aug 30 10:33:19 285 BST 2019,0,2,0,0,0,706,0,705,8,3,1,7,17692,0,0,0,2,3072,2048,53248,0,-1,0,0,0,-1,0,0
Fri Aug 30 10:33:49 289 BST 2019,0,2,0,0,0,709,0,708,8,3,1,7,17692,0,0,0,2,3072,2048,53248,0,-1,0,0,0,-1,0,2
Fri Aug 30 10:34:19 293 BST 2019,0,2,0,0,0,712,0,711,8,3,1,7,17692,0,0,0,2,3072,2048,53248,0,-1,0,0,0,-1,0,2
Fri Aug 30 10:34:49 295 BST 2019,0,2,0,0,0,715,0,714,8,3,1,7,17692,0,0,0,2,3072,2048,53248,0,-1,0,0,0,-1,0,0
Fri Aug 30 10:35:19 300 BST 2019,0,2,0,0,0,718,0,717,8,3,1,7,17692,0,0,0,2,3072,2048,53248,0,-1,0,0,0,-1,0,2
Fri Aug 30 10:35:49 304 BST 2019,0,2,0,0,0,721,0,720,8,3,1,7,17692,0,0,0,2,3072,2048,53248,0,-1,0,0,0,-1,0,2
Fri Aug 30 10:36:19 308 BST 2019,0,2,0,0,0,724,0,723,8,3,1,7,17692,0,0,0,2,3072,2048,53248,0,-1,0,0,0,-1,0,2
Fri Aug 30 10:36:49 313 BST 2019,0,2,0,0,0,727,0,726,8,3,1,7,17692,0,0,0,2,3072,2048,53248,0,-1,0,0,0,-1,0,2
Fri Aug 30 10:37:19 314 BST 2019,0,2,0,0,0,730,0,729,8,3,1,7,17692,0,0,0,2,3072,2048,53248,0,-1,0,0,0,-1,0,0
Fri Aug 30 10:37:49 316 BST 2019,0,2,0,0,0,733,0,732,8,3,1,7,17692,0,0,0,2,3072,2048,53248,0,-1,0,0,0,-1,0,1
Fri Aug 30 10:38:19 318 BST 2019,0,2,0,0,0,736,0,735,8,3,1,7,17692,0,0,0,2,3072,2048,53248,0,-1,0,0,0,-1,0,0
timestamp,asyncDBSize,sessionCount,syncDBSize,diskReadRate,msgMem,durableCount,diskWriteRate,queueCount,consumerCount,topicCount,producerCount,pendingMessageCount,largeDestCount,outboundMessageRate,outboundMessageCount,inboundMessageRate,connectionCount,inboundMessageCount,pendingMessageSize,msgMemPooled,routeRecoverCount,diskReadOperationsRate,inboundBytesRate,clientConnectionCount,adminConnectionCount,outboundBytesRate,diskWriteOperationsRate,RespTime
Fri Aug 30 11:55:35 659 BST 2019,3072,1,2048,0,13026,0,0,8,1,5,1,0,0,0,741,0,1,742,0,53248,0,0,0,-1,-1,0,0,1
Fri Aug 30 11:56:05 668 BST 2019,3072,2,2048,0,17690,0,0,8,3,7,1,0,0,0,745,0,2,746,0,53248,0,0,86,-1,-1,1559,0,3
Fri Aug 30 11:56:35 675 BST 2019,3072,2,2048,0,17691,0,0,8,3,7,1,0,0,0,748,0,2,749,0,53248,0,0,0,-1,-1,0,0,2
Fri Aug 30 11:57:05 685 BST 2019,3072,2,2048,0,17691,0,0,8,3,7,1,0,0,0,751,0,2,752,0,53248,0,0,0,-1,-1,0,0,3
Fri Aug 30 11:57:35 690 BST 2019,3072,2,2048,0,17691,0,0,8,3,7,1,0,0,0,754,0,2,755,0,53248,0,0,0,-1,-1,0,0,2
Fri Aug 30 11:58:05 694 BST 2019,3072,2,2048,0,17691,0,0,8,3,7,1,0,0,0,757,0,2,758,0,53248,0,0,0,-1,-1,0,0,1
Fri Aug 30 11:58:35 700 BST 2019,3072,2,2048,0,17691,0,0,8,3,7,1,0,0,0,760,0,2,761,0,53248,0,0,0,-1,-1,0,0,1
timestamp,topicCount,consumerCount,producerCount,queueCount,largeDestCount,outboundMessageCount,outboundMessageRate,inboundMessageCount,inboundMessageRate,connectionCount,pendingMessageSize,pendingMessageCount,diskWriteRate,asyncDBSize,msgMem,syncDBSize,sessionCount,durableCount,diskReadRate,routeRecoverCount,outboundBytesRate,diskReadOperationsRate,adminConnectionCount,diskWriteOperationsRate,inboundBytesRate,clientConnectionCount,msgMemPooled,RespTime
Fri Aug 30 12:04:53 423 BST 2019,5,1,1,8,0,3,0,4,0,1,0,0,0,3584,12533,1536,1,0,0,0,0,0,-1,0,0,-1,53248,1
Fri Aug 30 12:05:23 434 BST 2019,7,3,1,8,0,5,0,6,0,2,0,0,0,3584,17197,1536,2,0,0,0,0,0,-1,0,0,-1,53248,1
Fri Aug 30 12:05:53 438 BST 2019,7,3,1,8,0,7,0,8,0,2,0,0,0,3584,17197,1536,2,0,0,0,0,0,-1,0,0,-1,53248,2
Fri Aug 30 12:06:23 445 BST 2019,7,3,1,8,0,9,0,10,0,2,0,0,0,3584,17198,1536,2,0,0,0,0,0,-1,0,0,-1,53248,3
Fri Aug 30 12:06:53 449 BST 2019,7,3,1,8,0,11,0,12,0,2,0,0,0,3584,17691,1536,2,0,0,0,0,0,-1,0,0,-1,53248,3
Fri Aug 30 12:07:23 453 BST 2019,7,3,1,8,0,13,0,14,0,2,0,0,0,3584,17691,1536,2,0,0,0,0,0,-1,0,0,-1,53248,2
Fri Aug 30 12:07:53 460 BST 2019,7,3,1,8,0,15,0,16,0,2,0,0,0,3584,17691,1536,2,0,0,0,0,0,-1,0,0,-1,53248,3
Fri Aug 30 12:08:23 471 BST 2019,7,3,1,8,0,17,0,18,0,2,0,0,0,3584,17691,1536,2,0,0,0,0,0,-1,0,0,-1,53248,4
Fri Aug 30 12:08:53 476 BST 2019,7,3,1,8,0,19,0,20,0,2,0,0,0,3584,17691,1536,2,0,0,0,0,0,-1,0,0,-1,53248,3
Fri Aug 30 12:09:23 483 BST 2019,7,3,1,8,0,21,0,22,0,2,0,0,0,3584,17691,1536,2,0,0,0,0,0,-1,0,0,-1,53248,1
Fri Aug 30 12:09:53 493 BST 2019,7,3,1,8,0,23,0,24,0,2,0,0,0,3584,17691,1536,2,0,0,0,0,0,-1,0,0,-1,53248,3
Fri Aug 30 12:10:23 501 BST 2019,7,3,1,8,0,25,0,26,0,2,0,0,0,3584,17691,1536,2,0,0,0,0,0,-1,0,0,-1,53248,2
Fri Aug 30 12:10:53 506 BST 2019,7,3,1,8,0,27,0,28,0,2,0,0,0,3584,17691,1536,2,0,0,0,0,0,-1,0,0,-1,53248,2
Fri Aug 30 12:11:23 512 BST 2019,7,3,1,8,0,29,0,30,0,2,0,0,0,3584,17691,1536,2,0,0,0,0,0,-1,0,0,-1,53248,3
Fri Aug 30 12:11:53 517 BST 2019,7,3,1,8,0,31,0,32,0,2,0,0,0,3584,17691,1536,2,0,0,0,0,0,-1,0,0,-1,53248,3
Fri Aug 30 12:12:23 522 BST 2019,7,3,1,8,0,33,0,34,0,2,0,0,0,3584,17691,1536,2,0,0,0,0,0,-1,0,0,-1,53248,2
Fri Aug 30 12:12:53 544 BST 2019,7,3,1,8,0,35,0,36,0,2,0,0,0,3584,17691,1536,2,0,0,0,0,0,-1,0,0,-1,53248,3
Fri Aug 30 12:13:23 546 BST 2019,7,3,1,8,0,37,0,38,0,2,0,0,0,3584,17691,1536,2,0,0,0,0,0,-1,0,0,-1,53248,2
Fri Aug 30 12:13:53 557 BST 2019,7,3,1,8,0,39,0,40,0,2,0,0,0,3584,17691,1536,2,0,0,0,0,0,-1,0,0,-1,53248,3
Fri Aug 30 12:14:23 562 BST 2019,7,3,1,8,0,41,0,42,0,2,0,0,0,3584,17691,1536,2,0,0,0,0,0,-1,0,0,-1,53248,2
Fri Aug 30 12:14:53 568 BST 2019,7,3,1,8,0,43,0,44,0,2,0,0,0,3584,17691,1536,2,0,0,0,0,0,-1,0,0,-1,53248,2
Fri Aug 30 12:15:23 576 BST 2019,7,3,1,8,0,45,0,46,0,2,0,0,0,3584,17691,1536,2,0,0,0,0,0,-1,0,0,-1,53248,3
Fri Aug 30 12:15:53 585 BST 2019,7,3,1,8,0,47,0,48,0,2,0,0,0,3584,17691,1536,2,0,0,0,0,0,-1,0,0,-1,53248,3
Fri Aug 30 12:16:23 591 BST 2019,7,3,1,8,0,49,0,50,0,2,0,0,0,3584,17691,1536,2,0,0,0,0,0,-1,0,0,-1,53248,3
Fri Aug 30 12:16:53 601 BST 2019,7,3,1,8,0,51,0,52,0,2,0,0,0,3584,17691,1536,2,0,0,0,0,0,-1,0,0,-1,53248,3
Fri Aug 30 12:17:23 613 BST 2019,7,3,1,8,0,53,0,54,0,2,0,0,0,3584,17691,1536,2,0,0,0,0,0,-1,0,0,-1,53248,3
Fri Aug 30 12:17:53 618 BST 2019,7,3,1,8,0,55,0,56,0,2,0,0,0,3584,17691,1536,2,0,0,0,0,0,-1,0,0,-1,53248,1
Fri Aug 30 12:18:23 622 BST 2019,7,3,1,8,0,57,0,58,0,2,0,0,0,3584,17691,1536,2,0,0,0,0,0,-1,0,0,-1,53248,3
Fri Aug 30 12:18:53 629 BST 2019,7,3,1,8,0,59,0,60,0,2,0,0,0,3584,17691,1536,2,0,0,0,0,0,-1,0,0,-1,53248,3
Fri Aug 30 12:19:23 636 BST 2019,7,3,1,8,0,61,0,62,0,2,0,0,0,3584,17691,1536,2,0,0,0,0,0,-1,0,0,-1,53248,3
Fri Aug 30 12:19:53 644 BST 2019,7,3,1,8,0,63,0,64,0,2,0,0,0,3584,17691,1536,2,0,0,0,0,0,-1,0,0,-1,53248,1
Fri Aug 30 12:20:23 649 BST 2019,7,3,1,8,0,65,0,66,0,2,0,0,0,3584,17691,1536,2,0,0,0,0,0,-1,0,0,-1,53248,1
Fri Aug 30 12:20:53 653 BST 2019,7,3,1,8,0,67,0,68,0,2,0,0,0,3584,17691,1536,2,0,0,0,0,0,-1,0,0,-1,53248,1
Fri Aug 30 12:21:23 659 BST 2019,7,3,1,8,0,69,0,70,0,2,0,0,0,3584,17691,1536,2,0,0,0,0,0,-1,0,0,-1,53248,2
Fri Aug 30 12:21:53 665 BST 2019,7,3,1,8,0,71,0,72,0,2,0,0,0,3584,17691,1536,2,0,0,0,0,0,-1,0,0,-1,53248,2
Fri Aug 30 12:22:23 672 BST 2019,7,3,1,8,0,73,0,74,0,2,0,0,0,3584,17691,1536,2,0,0,0,0,0,-1,0,0,-1,53248,2
Fri Aug 30 12:22:53 674 BST 2019,7,3,1,8,0,75,0,76,0,2,0,0,0,3584,17691,1536,2,0,0,0,0,0,-1,0,0,-1,53248,1
Fri Aug 30 12:23:23 678 BST 2019,7,3,1,8,0,77,0,78,0,2,0,0,0,3584,17691,1536,2,0,0,0,0,0,-1,0,0,-1,53248,2
Fri Aug 30 12:23:53 686 BST 2019,7,3,1,8,0,79,0,80,0,2,0,0,0,3584,17691,1536,2,0,0,0,0,0,-1,0,0,-1,53248,2
Fri Aug 30 12:24:23 687 BST 2019,7,3,1,8,0,81,0,82,0,2,0,0,0,3584,17691,1536,2,0,0,0,0,0,-1,0,0,-1,53248,2
Fri Aug 30 12:24:53 698 BST 2019,7,3,1,8,0,83,0,84,0,2,0,0,0,3584,17691,1536,2,0,0,0,0,0,-1,0,0,-1,53248,2
Fri Aug 30 12:25:23 702 BST 2019,7,3,1,8,0,85,0,86,0,2,0,0,0,3584,17691,1536,2,0,0,0,0,0,-1,0,0,-1,53248,2
Fri Aug 30 12:25:53 709 BST 2019,7,3,1,8,0,87,0,88,0,2,0,0,0,3584,17691,1536,2,0,0,0,0,0,-1,0,0,-1,53248,2
Fri Aug 30 12:26:23 714 BST 2019,7,3,1,8,0,89,0,90,0,2,0,0,0,3584,17691,1536,2,0,0,0,0,0,-1,0,0,-1,53248,2
Fri Aug 30 12:26:53 722 BST 2019,7,3,1,8,0,91,0,92,0,2,0,0,0,3584,17691,1536,2,0,0,0,0,0,-1,0,0,-1,53248,2
Fri Aug 30 12:27:23 728 BST 2019,7,3,1,8,0,93,0,94,0,2,0,0,0,3584,17691,1536,2,0,0,0,0,0,-1,0,0,-1,53248,2
Fri Aug 30 12:27:53 736 BST 2019,7,3,1,8,0,95,0,96,0,2,0,0,0,3584,17691,1536,2,0,0,0,0,0,-1,0,0,-1,53248,2
Fri Aug 30 12:28:23 741 BST 2019,7,3,1,8,0,97,0,98,0,2,0,0,0,3584,17691,1536,2,0,0,0,0,0,-1,0,0,-1,53248,2
Fri Aug 30 12:28:53 749 BST 2019,7,3,1,8,0,99,0,100,0,2,0,0,0,3584,17692,1536,2,0,0,0,0,0,-1,0,0,-1,53248,2
Fri Aug 30 12:29:23 757 BST 2019,7,3,1,8,0,101,0,102,0,2,0,0,0,3584,17692,1536,2,0,0,0,0,0,-1,0,0,-1,53248,2
Fri Aug 30 12:29:53 759 BST 2019,7,3,1,8,0,103,0,104,0,2,0,0,0,3584,17692,1536,2,0,0,0,0,0,-1,0,0,-1,53248,1
Fri Aug 30 12:30:23 765 BST 2019,7,3,1,8,0,105,0,106,0,2,0,0,0,3584,17692,1536,2,0,0,0,0,0,-1,0,0,-1,53248,2
Fri Aug 30 12:30:53 768 BST 2019,7,3,1,8,0,107,0,108,0,2,0,0,0,3584,17692,1536,2,0,0,0,0,0,-1,0,0,-1,53248,2
Fri Aug 30 12:31:23 778 BST 2019,7,3,1,8,0,109,0,110,0,2,0,0,0,3584,17692,1536,2,0,0,0,0,0,-1,0,0,-1,53248,2
Fri Aug 30 12:31:53 783 BST 2019,7,3,1,8,0,111,0,112,0,2,0,0,0,3584,17692,1536,2,0,0,0,0,0,-1,0,0,-1,53248,2
Fri Aug 30 12:32:23 790 BST 2019,7,3,1,8,0,113,0,114,0,2,0,0,0,3584,17692,1536,2,0,0,0,0,0,-1,0,0,-1,53248,1
Fri Aug 30 12:32:53 795 BST 2019,7,3,1,8,0,115,0,116,0,2,0,0,0,3584,17692,1536,2,0,0,0,0,0,-1,0,0,-1,53248,2
Fri Aug 30 12:33:23 800 BST 2019,7,3,1,8,0,117,0,118,0,2,0,0,0,3584,17692,1536,2,0,0,0,0,0,-1,0,0,-1,53248,2
Fri Aug 30 12:33:53 804 BST 2019,7,3,1,8,0,119,0,120,0,2,0,0,0,3584,17692,1536,2,0,0,0,0,0,-1,0,0,-1,53248,2
Fri Aug 30 12:34:23 826 BST 2019,7,3,1,8,0,121,0,122,0,2,0,0,0,3584,17692,1536,2,0,0,0,0,0,-1,0,0,-1,53248,2
Fri Aug 30 12:34:53 831 BST 2019,7,3,1,8,0,123,0,124,0,2,0,0,0,3584,17692,1536,2,0,0,0,0,0,-1,0,0,-1,53248,1
Fri Aug 30 12:35:23 837 BST 2019,7,3,1,8,0,125,0,126,0,2,0,0,0,3584,17692,1536,2,0,0,0,0,0,-1,0,0,-1,53248,2
Fri Aug 30 12:35:53 845 BST 2019,7,3,1,8,0,127,0,128,0,2,0,0,0,3584,17692,1536,2,0,0,0,0,0,-1,0,0,-1,53248,3
Fri Aug 30 12:36:23 850 BST 2019,7,3,1,8,0,129,0,130,0,2,0,0,0,3584,17692,1536,2,0,0,0,0,0,-1,0,0,-1,53248,2
Fri Aug 30 12:36:53 851 BST 2019,7,3,1,8,0,131,0,132,0,2,0,0,0,3584,17692,1536,2,0,0,0,0,0,-1,0,0,-1,53248,2
Fri Aug 30 12:37:23 860 BST 2019,7,3,1,8,0,133,0,134,0,2,0,0,0,3584,17692,1536,2,0,0,0,0,0,-1,0,0,-1,53248,2
Fri Aug 30 12:37:53 864 BST 2019,7,3,1,8,0,135,0,136,0,2,0,0,0,3584,17692,1536,2,0,0,0,0,0,-1,0,0,-1,53248,2
Fri Aug 30 12:38:23 871 BST 2019,7,3,1,8,0,137,0,138,0,2,0,0,0,3584,17692,1536,2,0,0,0,0,0,-1,0,0,-1,53248,2
Fri Aug 30 12:38:53 875 BST 2019,7,3,1,8,0,139,0,140,0,2,0,0,0,3584,17692,1536,2,0,0,0,0,0,-1,0,0,-1,53248,2
Fri Aug 30 12:39:23 880 BST 2019,7,3,1,8,0,141,0,142,0,2,0,0,0,3584,17692,1536,2,0,0,0,0,0,-1,0,0,-1,53248,2
Fri Aug 30 12:39:53 886 BST 2019,7,3,1,8,0,143,0,144,0,2,0,0,0,3584,17692,1536,2,0,0,0,0,0,-1,0,0,-1,53248,2
Fri Aug 30 12:40:23 890 BST 2019,7,3,1,8,0,145,0,146,0,2,0,0,0,3584,17692,1536,2,0,0,0,0,0,-1,0,0,-1,53248,2
Fri Aug 30 12:40:53 899 BST 2019,7,3,1,8,0,147,0,148,0,2,0,0,0,3584,17692,1536,2,0,0,0,0,0,-1,0,0,-1,53248,2
Fri Aug 30 12:41:23 905 BST 2019,7,3,1,8,0,149,0,150,0,2,0,0,0,3584,17692,1536,2,0,0,0,0,0,-1,0,0,-1,53248,2
Fri Aug 30 12:41:53 912 BST 2019,7,3,1,8,0,151,0,152,0,2,0,0,0,3584,17692,1536,2,0,0,0,0,0,-1,0,0,-1,53248,1
Fri Aug 30 12:42:23 919 BST 2019,7,3,1,8,0,153,0,154,0,2,0,0,0,3584,17692,1536,2,0,0,0,0,0,-1,0,0,-1,53248,2
Fri Aug 30 12:42:53 921 BST 2019,7,3,1,8,0,155,0,156,0,2,0,0,0,3584,17692,1536,2,0,0,0,0,0,-1,0,0,-1,53248,2
Fri Aug 30 12:43:23 928 BST 2019,7,3,1,8,0,157,0,158,0,2,0,0,0,3584,17692,1536,2,0,0,0,0,0,-1,0,0,-1,53248,2
Fri Aug 30 12:43:53 938 BST 2019,7,3,1,8,0,159,0,160,0,2,0,0,0,3584,17692,1536,2,0,0,0,0,0,-1,0,0,-1,53248,2
Fri Aug 30 12:44:23 943 BST 2019,7,3,1,8,0,161,0,162,0,2,0,0,0,3584,17692,1536,2,0,0,0,0,0,-1,0,0,-1,53248,1
Fri Aug 30 12:44:53 950 BST 2019,7,3,1,8,0,163,0,164,0,2,0,0,0,3584,17692,1536,2,0,0,0,0,0,-1,0,0,-1,53248,2
Fri Aug 30 12:45:23 954 BST 2019,7,3,1,8,0,165,0,166,0,2,0,0,0,3584,17692,1536,2,0,0,0,0,0,-1,0,0,-1,53248,2
Fri Aug 30 12:45:53 958 BST 2019,7,3,1,8,0,167,0,168,0,2,0,0,0,3584,17692,1536,2,0,0,0,0,0,-1,0,0,-1,53248,2
Fri Aug 30 12:46:23 969 BST 2019,7,3,1,8,0,169,0,170,0,2,0,0,0,3584,17692,1536,2,0,0,0,0,0,-1,0,0,-1,53248,2
Fri Aug 30 12:46:53 973 BST 2019,7,3,1,8,0,171,0,172,0,2,0,0,0,3584,17692,1536,2,0,0,0,0,0,-1,0,0,-1,53248,1
Fri Aug 30 12:47:23 978 BST 2019,7,3,1,8,0,173,0,174,0,2,0,0,0,3584,17692,1536,2,0,0,0,0,0,-1,0,0,-1,53248,2
Fri Aug 30 12:47:53 982 BST 2019,7,3,1,8,0,175,0,176,0,2,0,0,0,3584,17692,1536,2,0,0,0,0,0,-1,0,0,-1,53248,2
Fri Aug 30 12:48:23 989 BST 2019,7,3,1,8,0,177,0,178,0,2,0,0,0,3584,17692,1536,2,0,0,0,0,0,-1,0,0,-1,53248,2
Fri Aug 30 12:48:53 996 BST 2019,7,3,1,8,0,179,0,180,0,2,0,0,0,3584,17692,1536,2,0,0,0,0,0,-1,0,0,-1,53248,2
Fri Aug 30 12:49:24 001 BST 2019,7,3,1,8,0,181,0,182,0,2,0,0,0,3584,17692,1536,2,0,0,0,0,0,-1,0,0,-1,53248,1
Fri Aug 30 12:49:54 007 BST 2019,7,3,1,8,0,183,0,184,0,2,0,0,0,3584,17692,1536,2,0,0,0,0,0,-1,0,0,-1,53248,2
Fri Aug 30 12:50:24 013 BST 2019,7,3,1,8,0,185,0,186,0,2,0,0,0,3584,17692,1536,2,0,0,0,0,0,-1,0,0,-1,53248,2
Fri Aug 30 12:50:54 020 BST 2019,7,3,1,8,0,187,0,188,0,2,0,0,0,3584,17692,1536,2,0,0,0,0,0,-1,0,0,-1,53248,2
Fri Aug 30 12:51:24 027 BST 2019,7,3,1,8,0,189,0,190,0,2,0,0,0,3584,17692,1536,2,0,0,0,0,0,-1,0,0,-1,53248,2
Fri Aug 30 12:51:54 033 BST 2019,7,3,1,8,0,191,0,192,0,2,0,0,0,3584,17692,1536,2,0,0,0,0,0,-1,0,0,-1,53248,2
Fri Aug 30 12:52:24 041 BST 2019,7,3,1,8,0,193,0,194,0,2,0,0,0,3584,17692,1536,2,0,0,0,0,0,-1,0,0,-1,53248,2
Fri Aug 30 12:52:54 046 BST 2019,7,3,1,8,0,195,0,196,0,2,0,0,0,3584,17692,1536,2,0,0,0,0,0,-1,0,0,-1,53248,2
Fri Aug 30 12:53:24 051 BST 2019,7,3,1,8,0,197,0,198,0,2,0,0,0,3584,17692,1536,2,0,0,0,0,0,-1,0,0,-1,53248,2
Fri Aug 30 12:53:54 057 BST 2019,7,3,1,8,0,199,0,200,0,2,0,0,0,3584,17692,1536,2,0,0,0,0,0,-1,0,0,-1,53248,1
Fri Aug 30 12:54:24 064 BST 2019,7,3,1,8,0,201,0,202,0,2,0,0,0,3584,17692,1536,2,0,0,0,0,0,-1,0,0,-1,53248,2
Fri Aug 30 12:54:54 071 BST 2019,7,3,1,8,0,203,0,204,0,2,0,0,0,3584,17692,1536,2,0,0,0,0,0,-1,0,0,-1,53248,2
Fri Aug 30 12:55:24 076 BST 2019,7,3,1,8,0,205,0,206,0,2,0,0,0,3584,17692,1536,2,0,0,0,0,0,-1,0,0,-1,53248,2
Fri Aug 30 12:55:54 080 BST 2019,7,3,1,8,0,207,0,208,0,2,0,0,0,3584,17692,1536,2,0,0,0,0,0,-1,0,0,-1,53248,2
Fri Aug 30 12:56:24 085 BST 2019,7,3,1,8,0,209,0,210,0,2,0,0,0,3584,17692,1536,2,0,0,0,0,0,-1,0,0,-1,53248,2
Fri Aug 30 12:56:54 090 BST 2019,7,3,1,8,0,211,0,212,0,2,0,0,0,3584,17692,1536,2,0,0,0,0,0,-1,0,0,-1,53248,2
Fri Aug 30 12:57:24 096 BST 2019,7,3,1,8,0,213,0,214,0,2,0,0,0,3584,17692,1536,2,0,0,0,0,0,-1,0,0,-1,53248,2
Fri Aug 30 12:57:54 101 BST 2019,7,3,1,8,0,215,0,216,0,2,0,0,0,3584,17692,1536,2,0,0,0,0,0,-1,0,0,-1,53248,1
Fri Aug 30 12:58:24 105 BST 2019,7,3,1,8,0,217,0,218,0,2,0,0,0,3584,17692,1536,2,0,0,0,0,0,-1,0,0,-1,53248,2
Fri Aug 30 12:58:54 109 BST 2019,7,3,1,8,0,219,0,220,0,2,0,0,0,3584,17692,1536,2,0,0,0,0,0,-1,0,0,-1,53248,2
Fri Aug 30 12:59:24 114 BST 2019,7,3,1,8,0,221,0,222,0,2,0,0,0,3584,17692,1536,2,0,0,0,0,0,-1,0,0,-1,53248,2
Fri Aug 30 12:59:54 119 BST 2019,7,3,1,8,0,223,0,224,0,2,0,0,0,3584,17692,1536,2,0,0,0,0,0,-1,0,0,-1,53248,2
Fri Aug 30 13:00:24 123 BST 2019,7,3,1,8,0,225,0,226,0,2,0,0,0,3584,17692,1536,2,0,0,0,0,0,-1,0,0,-1,53248,1
Fri Aug 30 13:00:54 125 BST 2019,7,3,1,8,0,227,0,228,0,2,0,0,0,3584,17692,1536,2,0,0,0,0,0,-1,0,0,-1,53248,2
Fri Aug 30 13:01:24 134 BST 2019,7,3,1,8,0,229,0,230,0,2,0,0,0,3584,17692,1536,2,0,0,0,0,0,-1,0,0,-1,53248,2
Fri Aug 30 13:01:54 140 BST 2019,7,3,1,8,0,231,0,232,0,2,0,0,0,3584,17692,1536,2,0,0,0,0,0,-1,0,0,-1,53248,2
Fri Aug 30 13:02:24 145 BST 2019,7,3,1,8,0,233,0,234,0,2,0,0,0,3584,17692,1536,2,0,0,0,0,0,-1,0,0,-1,53248,2
Fri Aug 30 13:02:54 151 BST 2019,7,3,1,8,0,235,0,236,0,2,0,0,0,3584,17692,1536,2,0,0,0,0,0,-1,0,0,-1,53248,2
Fri Aug 30 13:03:24 155 BST 2019,7,3,1,8,0,237,0,238,0,2,0,0,0,3584,17692,1536,2,0,0,0,0,0,-1,0,0,-1,53248,2
Fri Aug 30 13:03:54 161 BST 2019,7,3,1,8,0,239,0,240,0,2,0,0,0,3584,17692,1536,2,0,0,0,0,0,-1,0,0,-1,53248,2
Fri Aug 30 13:04:24 165 BST 2019,7,3,1,8,0,241,0,242,0,2,0,0,0,3584,17692,1536,2,0,0,0,0,0,-1,0,0,-1,53248,2
Fri Aug 30 13:04:54 169 BST 2019,7,3,1,8,0,243,0,244,0,2,0,0,0,3584,17692,1536,2,0,0,0,0,0,-1,0,0,-1,53248,1
Fri Aug 30 13:05:24 170 BST 2019,7,3,1,8,0,245,0,246,0,2,0,0,0,3584,17692,1536,2,0,0,0,0,0,-1,0,0,-1,53248,2
Fri Aug 30 13:05:54 171 BST 2019,7,3,1,8,0,247,0,248,0,2,0,0,0,3584,17692,1536,2,0,0,0,0,0,-1,0,0,-1,53248,2
Fri Aug 30 13:06:24 176 BST 2019,7,3,1,8,0,249,0,250,0,2,0,0,0,3584,17692,1536,2,0,0,0,0,0,-1,0,0,-1,53248,1
Fri Aug 30 13:06:54 183 BST 2019,7,3,1,8,0,251,0,252,0,2,0,0,0,3584,17692,1536,2,0,0,0,0,0,-1,0,0,-1,53248,2
Fri Aug 30 13:07:24 189 BST 2019,7,3,1,8,0,253,0,254,0,2,0,0,0,3584,17692,1536,2,0,0,0,0,0,-1,0,0,-1,53248,2
Fri Aug 30 13:07:54 195 BST 2019,7,3,1,8,0,255,0,256,0,2,0,0,0,3584,17692,1536,2,0,0,0,0,0,-1,0,0,-1,53248,2
Fri Aug 30 13:08:24 200 BST 2019,7,3,1,8,0,257,0,258,0,2,0,0,0,3584,17692,1536,2,0,0,0,0,0,-1,0,0,-1,53248,2
Fri Aug 30 13:08:54 206 BST 2019,7,3,1,8,0,259,0,260,0,2,0,0,0,3584,17692,1536,2,0,0,0,0,0,-1,0,0,-1,53248,2
Fri Aug 30 13:09:24 210 BST 2019,7,3,1,8,0,261,0,262,0,2,0,0,0,3584,17692,1536,2,0,0,0,0,0,-1,0,0,-1,53248,2
Fri Aug 30 13:09:54 213 BST 2019,7,3,1,8,0,263,0,264,0,2,0,0,0,3584,17692,1536,2,0,0,0,0,0,-1,0,0,-1,53248,2
Fri Aug 30 13:10:24 217 BST 2019,7,3,1,8,0,265,0,266,0,2,0,0,0,3584,17692,1536,2,0,0,0,0,0,-1,0,0,-1,53248,1
Fri Aug 30 13:10:54 220 BST 2019,7,3,1,8,0,267,0,268,0,2,0,0,0,3584,17692,1536,2,0,0,0,0,0,-1,0,0,-1,53248,0
Fri Aug 30 13:11:24 225 BST 2019,7,3,1,8,0,269,0,270,0,2,0,0,0,3584,17692,1536,2,0,0,0,0,0,-1,0,0,-1,53248,1
Fri Aug 30 13:11:54 231 BST 2019,7,3,1,8,0,271,0,272,0,2,0,0,0,3584,17692,1536,2,0,0,0,0,0,-1,0,0,-1,53248,2
Fri Aug 30 13:12:24 234 BST 2019,7,3,1,8,0,273,0,274,0,2,0,0,0,3584,17692,1536,2,0,0,0,0,0,-1,0,0,-1,53248,2
Fri Aug 30 13:12:54 238 BST 2019,7,3,1,8,0,275,0,276,0,2,0,0,0,3584,17692,1536,2,0,0,0,0,0,-1,0,0,-1,53248,2
Fri Aug 30 13:13:24 241 BST 2019,7,3,1,8,0,277,0,278,0,2,0,0,0,3584,17692,1536,2,0,0,0,0,0,-1,0,0,-1,53248,2
Fri Aug 30 13:13:54 248 BST 2019,7,3,1,8,0,279,0,280,0,2,0,0,0,3584,17692,1536,2,0,0,0,0,0,-1,0,0,-1,53248,2
Fri Aug 30 13:14:24 252 BST 2019,7,3,1,8,0,281,0,282,0,2,0,0,0,3584,17692,1536,2,0,0,0,0,0,-1,0,0,-1,53248,2
Fri Aug 30 13:14:54 258 BST 2019,7,3,1,8,0,283,0,284,0,2,0,0,0,3584,17692,1536,2,0,0,0,0,0,-1,0,0,-1,53248,2
Fri Aug 30 13:15:24 262 BST 2019,7,3,1,8,0,285,0,286,0,2,0,0,0,3584,17692,1536,2,0,0,0,0,0,-1,0,0,-1,53248,1
Fri Aug 30 13:15:54 270 BST 2019,7,3,1,8,0,287,0,288,0,2,0,0,0,3584,17692,1536,2,0,0,0,0,0,-1,0,0,-1,53248,2
Fri Aug 30 13:16:24 275 BST 2019,7,3,1,8,0,289,0,290,0,2,0,0,0,3584,17692,1536,2,0,0,0,0,0,-1,0,0,-1,53248,1
Fri Aug 30 13:16:54 279 BST 2019,7,3,1,8,0,291,0,292,0,2,0,0,0,3584,17692,1536,2,0,0,0,0,0,-1,0,0,-1,53248,2
Fri Aug 30 13:17:24 283 BST 2019,7,3,1,8,0,293,0,294,0,2,0,0,0,3584,17692,1536,2,0,0,0,0,0,-1,0,0,-1,53248,2
Fri Aug 30 13:17:54 286 BST 2019,7,3,1,8,0,295,0,296,0,2,0,0,0,3584,17692,1536,2,0,0,0,0,0,-1,0,0,-1,53248,2
Fri Aug 30 13:18:24 292 BST 2019,7,3,1,8,0,297,0,298,0,2,0,0,0,3584,17692,1536,2,0,0,0,0,0,-1,0,0,-1,53248,2
Fri Aug 30 13:18:54 297 BST 2019,7,3,1,8,0,299,0,300,0,2,0,0,0,3584,17692,1536,2,0,0,0,0,0,-1,0,0,-1,53248,2
Fri Aug 30 13:19:24 304 BST 2019,7,3,1,8,0,301,0,302,0,2,0,0,0,3584,17692,1536,2,0,0,0,0,0,-1,0,0,-1,53248,2
Fri Aug 30 13:19:54 310 BST 2019,7,3,1,8,0,303,0,304,0,2,0,0,0,3584,17692,1536,2,0,0,0,0,0,-1,0,0,-1,53248,2
Fri Aug 30 13:20:24 314 BST 2019,7,3,1,8,0,305,0,306,0,2,0,0,0,3584,17692,1536,2,0,0,0,0,0,-1,0,0,-1,53248,2
Fri Aug 30 13:20:54 318 BST 2019,7,3,1,8,0,307,0,308,0,2,0,0,0,3584,17692,1536,2,0,0,0,0,0,-1,0,0,-1,53248,2
Fri Aug 30 13:21:24 322 BST 2019,7,3,1,8,0,309,0,310,0,2,0,0,0,3584,17692,1536,2,0,0,0,0,0,-1,0,0,-1,53248,2
Fri Aug 30 13:21:54 328 BST 2019,7,3,1,8,0,311,0,312,0,2,0,0,0,3584,17692,1536,2,0,0,0,0,0,-1,0,0,-1,53248,2
Fri Aug 30 13:22:24 332 BST 2019,7,3,1,8,0,313,0,314,0,2,0,0,0,3584,17692,1536,2,0,0,0,0,0,-1,0,0,-1,53248,1
Fri Aug 30 13:22:54 337 BST 2019,7,3,1,8,0,315,0,316,0,2,0,0,0,3584,17692,1536,2,0,0,0,0,0,-1,0,0,-1,53248,2
Fri Aug 30 13:23:24 343 BST 2019,7,3,1,8,0,317,0,318,0,2,0,0,0,3584,17692,1536,2,0,0,0,0,0,-1,0,0,-1,53248,2
Fri Aug 30 13:23:54 347 BST 2019,7,3,1,8,0,319,0,320,0,2,0,0,0,3584,17692,1536,2,0,0,0,0,0,-1,0,0,-1,53248,2
Fri Aug 30 13:24:24 352 BST 2019,7,3,1,8,0,321,0,322,0,2,0,0,0,3584,17692,1536,2,0,0,0,0,0,-1,0,0,-1,53248,1
Fri Aug 30 13:24:54 355 BST 2019,7,3,1,8,0,323,0,324,0,2,0,0,0,3584,17692,1536,2,0,0,0,0,0,-1,0,0,-1,53248,1
Fri Aug 30 13:25:24 361 BST 2019,7,3,1,8,0,325,0,326,0,2,0,0,0,3584,17692,1536,2,0,0,0,0,0,-1,0,0,-1,53248,2
Fri Aug 30 13:25:54 371 BST 2019,7,3,1,8,0,327,0,328,0,2,0,0,0,3584,17692,1536,2,0,0,0,0,0,-1,0,0,-1,53248,2
Fri Aug 30 13:26:24 375 BST 2019,7,3,1,8,0,329,0,330,0,2,0,0,0,3584,17692,1536,2,0,0,0,0,0,-1,0,0,-1,53248,2
Fri Aug 30 13:26:54 379 BST 2019,7,3,1,8,0,331,0,332,0,2,0,0,0,3584,17692,1536,2,0,0,0,0,0,-1,0,0,-1,53248,2
Fri Aug 30 13:27:24 382 BST 2019,7,3,1,8,0,333,0,334,0,2,0,0,0,3584,17692,1536,2,0,0,0,0,0,-1,0,0,-1,53248,1
Fri Aug 30 13:27:54 388 BST 2019,7,3,1,8,0,335,0,336,0,2,0,0,0,3584,17692,1536,2,0,0,0,0,0,-1,0,0,-1,53248,2
Fri Aug 30 13:28:24 393 BST 2019,7,3,1,8,0,337,0,338,0,2,0,0,0,3584,17692,1536,2,0,0,0,0,0,-1,0,0,-1,53248,2
Fri Aug 30 13:28:54 398 BST 2019,7,3,1,8,0,339,0,340,0,2,0,0,0,3584,17692,1536,2,0,0,0,0,0,-1,0,0,-1,53248,2
Fri Aug 30 13:29:24 405 BST 2019,7,3,1,8,0,341,0,342,0,2,0,0,0,3584,17692,1536,2,0,0,0,0,0,-1,0,0,-1,53248,2
Fri Aug 30 13:29:54 408 BST 2019,7,3,1,8,0,343,0,344,0,2,0,0,0,3584,17692,1536,2,0,0,0,0,0,-1,0,0,-1,53248,0
Fri Aug 30 13:30:24 411 BST 2019,7,3,1,8,0,345,0,346,0,2,0,0,0,3584,17692,1536,2,0,0,0,0,0,-1,0,0,-1,53248,2
Fri Aug 30 13:30:54 418 BST 2019,7,3,1,8,0,347,0,348,0,2,0,0,0,3584,17692,1536,2,0,0,0,0,0,-1,0,0,-1,53248,2
Fri Aug 30 13:31:24 421 BST 2019,7,3,1,8,0,349,0,350,0,2,0,0,0,3584,17692,1536,2,0,0,0,0,0,-1,0,0,-1,53248,2
Fri Aug 30 13:31:54 432 BST 2019,7,3,1,8,0,351,0,352,0,2,0,0,0,3584,17692,1536,2,0,0,0,0,0,-1,0,0,-1,53248,2
Fri Aug 30 13:32:24 434 BST 2019,7,3,1,8,0,353,0,354,0,2,0,0,0,3584,17692,1536,2,0,0,0,0,0,-1,0,0,-1,53248,1
Fri Aug 30 13:32:54 440 BST 2019,7,3,1,8,0,355,0,356,0,2,0,0,0,3584,17692,1536,2,0,0,0,0,0,-1,0,0,-1,53248,2
Fri Aug 30 13:33:24 447 BST 2019,7,3,1,8,0,357,0,358,0,2,0,0,0,3584,17692,1536,2,0,0,0,0,0,-1,0,0,-1,53248,2
Fri Aug 30 13:33:54 454 BST 2019,7,3,1,8,0,359,0,360,0,2,0,0,0,3584,17692,1536,2,0,0,0,0,0,-1,0,0,-1,53248,2
Fri Aug 30 13:34:24 459 BST 2019,7,3,1,8,0,361,0,362,0,2,0,0,0,3584,17692,1536,2,0,0,0,0,0,-1,0,0,-1,53248,2
Fri Aug 30 13:34:54 462 BST 2019,7,3,1,8,0,363,0,364,0,2,0,0,0,3584,17692,1536,2,0,0,0,0,0,-1,0,0,-1,53248,1
Fri Aug 30 13:35:24 465 BST 2019,7,3,1,8,0,365,0,366,0,2,0,0,0,3584,17692,1536,2,0,0,0,0,0,-1,0,0,-1,53248,2
Fri Aug 30 13:35:54 471 BST 2019,7,3,1,8,0,367,0,368,0,2,0,0,0,3584,17692,1536,2,0,0,0,0,0,-1,0,0,-1,53248,2
Fri Aug 30 13:36:24 478 BST 2019,7,3,1,8,0,369,0,370,0,2,0,0,0,3584,17692,1536,2,0,0,0,0,0,-1,0,0,-1,53248,2
Fri Aug 30 13:36:54 483 BST 2019,7,3,1,8,0,371,0,372,0,2,0,0,0,3584,17692,1536,2,0,0,0,0,0,-1,0,0,-1,53248,2
Fri Aug 30 13:37:24 487 BST 2019,7,3,1,8,0,373,0,374,0,2,0,0,0,3584,17692,1536,2,0,0,0,0,0,-1,0,0,-1,53248,1
Fri Aug 30 13:37:54 493 BST 2019,7,3,1,8,0,375,0,376,0,2,0,0,0,3584,17692,1536,2,0,0,0,0,0,-1,0,0,-1,53248,2
Fri Aug 30 13:38:24 501 BST 2019,7,3,1,8,0,377,0,378,0,2,0,0,0,3584,17692,1536,2,0,0,0,0,0,-1,0,0,-1,53248,2
Fri Aug 30 13:38:54 504 BST 2019,7,3,1,8,0,379,0,380,0,2,0,0,0,3584,17692,1536,2,0,0,0,0,0,-1,0,0,-1,53248,2
Fri Aug 30 13:39:24 509 BST 2019,7,3,1,8,0,381,0,382,0,2,0,0,0,3584,17692,1536,2,0,0,0,0,0,-1,0,0,-1,53248,2
Fri Aug 30 13:39:54 512 BST 2019,7,3,1,8,0,383,0,384,0,2,0,0,0,3584,17692,1536,2,0,0,0,0,0,-1,0,0,-1,53248,1
Fri Aug 30 13:40:24 519 BST 2019,7,3,1,8,0,385,0,386,0,2,0,0,0,3584,17692,1536,2,0,0,0,0,0,-1,0,0,-1,53248,2
Fri Aug 30 13:40:54 525 BST 2019,7,3,1,8,0,387,0,388,0,2,0,0,0,3584,17692,1536,2,0,0,0,0,0,-1,0,0,-1,53248,2
Fri Aug 30 13:41:24 529 BST 2019,7,3,1,8,0,389,0,390,0,2,0,0,0,3584,17692,1536,2,0,0,0,0,0,-1,0,0,-1,53248,2
Fri Aug 30 13:41:54 532 BST 2019,7,3,1,8,0,391,0,392,0,2,0,0,0,3584,17692,1536,2,0,0,0,0,0,-1,0,0,-1,53248,2
Fri Aug 30 13:42:24 537 BST 2019,7,3,1,8,0,393,0,394,0,2,0,0,0,3584,17692,1536,2,0,0,0,0,0,-1,0,0,-1,53248,1
Fri Aug 30 13:42:54 541 BST 2019,7,3,1,8,0,395,0,396,0,2,0,0,0,3584,17692,1536,2,0,0,0,0,0,-1,0,0,-1,53248,2
Fri Aug 30 13:43:24 546 BST 2019,7,3,1,8,0,397,0,398,0,2,0,0,0,3584,17692,1536,2,0,0,0,0,0,-1,0,0,-1,53248,2
Fri Aug 30 13:43:54 553 BST 2019,7,3,1,8,0,399,0,400,0,2,0,0,0,3584,17692,1536,2,0,0,0,0,0,-1,0,0,-1,53248,2
Fri Aug 30 13:44:24 560 BST 2019,7,3,1,8,0,401,0,402,0,2,0,0,0,3584,17692,1536,2,0,0,0,0,0,-1,0,0,-1,53248,2
Fri Aug 30 13:44:54 564 BST 2019,7,3,1,8,0,403,0,404,0,2,0,0,0,3584,17692,1536,2,0,0,0,0,0,-1,0,0,-1,53248,1
Fri Aug 30 13:45:24 569 BST 2019,7,3,1,8,0,405,0,406,0,2,0,0,0,3584,17692,1536,2,0,0,0,0,0,-1,0,0,-1,53248,2
Fri Aug 30 13:45:54 573 BST 2019,7,3,1,8,0,407,0,408,0,2,0,0,0,3584,17692,1536,2,0,0,0,0,0,-1,0,0,-1,53248,2
Fri Aug 30 13:46:24 578 BST 2019,7,3,1,8,0,409,0,410,0,2,0,0,0,3584,17692,1536,2,0,0,0,0,0,-1,0,0,-1,53248,2
Fri Aug 30 13:46:54 584 BST 2019,7,3,1,8,0,411,0,412,0,2,0,0,0,3584,17692,1536,2,0,0,0,0,0,-1,0,0,-1,53248,2
Fri Aug 30 13:47:24 589 BST 2019,7,3,1,8,0,413,0,414,0,2,0,0,0,3584,17692,1536,2,0,0,0,0,0,-1,0,0,-1,53248,2
Fri Aug 30 13:47:54 594 BST 2019,7,3,1,8,0,415,0,416,0,2,0,0,0,3584,17692,1536,2,0,0,0,0,0,-1,0,0,-1,53248,2
Fri Aug 30 13:48:24 599 BST 2019,7,3,1,8,0,417,0,418,0,2,0,0,0,3584,17692,1536,2,0,0,0,0,0,-1,0,0,-1,53248,2
Fri Aug 30 13:48:54 603 BST 2019,7,3,1,8,0,419,0,420,0,2,0,0,0,3584,17692,1536,2,0,0,0,0,0,-1,0,0,-1,53248,0
Fri Aug 30 13:49:24 607 BST 2019,7,3,1,8,0,421,0,422,0,2,0,0,0,3584,17692,1536,2,0,0,0,0,0,-1,0,0,-1,53248,2
Fri Aug 30 13:49:54 611 BST 2019,7,3,1,8,0,423,0,424,0,2,0,0,0,3584,17692,1536,2,0,0,0,0,0,-1,0,0,-1,53248,2
Fri Aug 30 13:50:24 614 BST 2019,7,3,1,8,0,425,0,426,0,2,0,0,0,3584,17692,1536,2,0,0,0,0,0,-1,0,0,-1,53248,1
Fri Aug 30 13:50:54 620 BST 2019,7,3,1,8,0,427,0,428,0,2,0,0,0,3584,17692,1536,2,0,0,0,0,0,-1,0,0,-1,53248,2
Fri Aug 30 13:51:24 624 BST 2019,7,3,1,8,0,429,0,430,0,2,0,0,0,3584,17692,1536,2,0,0,0,0,0,-1,0,0,-1,53248,2
Fri Aug 30 13:51:54 627 BST 2019,7,3,1,8,0,431,0,432,0,2,0,0,0,3584,17692,1536,2,0,0,0,0,0,-1,0,0,-1,53248,2
Fri Aug 30 13:52:24 633 BST 2019,7,3,1,8,0,433,0,434,0,2,0,0,0,3584,17692,1536,2,0,0,0,0,0,-1,0,0,-1,53248,2
Fri Aug 30 13:52:54 636 BST 2019,7,3,1,8,0,435,0,436,0,2,0,0,0,3584,17692,1536,2,0,0,0,0,0,-1,0,0,-1,53248,1
Fri Aug 30 13:53:24 642 BST 2019,7,3,1,8,0,437,0,438,0,2,0,0,0,3584,17692,1536,2,0,0,0,0,0,-1,0,0,-1,53248,2
Fri Aug 30 13:53:54 646 BST 2019,7,3,1,8,0,439,0,440,0,2,0,0,0,3584,17692,1536,2,0,0,0,0,0,-1,0,0,-1,53248,2
Fri Aug 30 13:54:24 652 BST 2019,7,3,1,8,0,441,0,442,0,2,0,0,0,3584,17692,1536,2,0,0,0,0,0,-1,0,0,-1,53248,2
Fri Aug 30 13:54:54 654 BST 2019,7,3,1,8,0,443,0,444,0,2,0,0,0,3584,17692,1536,2,0,0,0,0,0,-1,0,0,-1,53248,1
Fri Aug 30 13:55:24 660 BST 2019,7,3,1,8,0,445,0,446,0,2,0,0,0,3584,17692,1536,2,0,0,0,0,0,-1,0,0,-1,53248,2
Fri Aug 30 13:55:54 664 BST 2019,7,3,1,8,0,447,0,448,0,2,0,0,0,3584,17692,1536,2,0,0,0,0,0,-1,0,0,-1,53248,2
Fri Aug 30 13:56:24 670 BST 2019,7,3,1,8,0,449,0,450,0,2,0,0,0,3584,17692,1536,2,0,0,0,0,0,-1,0,0,-1,53248,2
Fri Aug 30 13:56:54 676 BST 2019,7,3,1,8,0,451,0,452,0,2,0,0,0,3584,17692,1536,2,0,0,0,0,0,-1,0,0,-1,53248,2
Fri Aug 30 13:57:24 679 BST 2019,7,3,1,8,0,453,0,454,0,2,0,0,0,3584,17692,1536,2,0,0,0,0,0,-1,0,0,-1,53248,2
Fri Aug 30 13:57:54 686 BST 2019,7,3,1,8,0,455,0,456,0,2,0,0,0,3584,17692,1536,2,0,0,0,0,0,-1,0,0,-1,53248,2
Fri Aug 30 13:58:24 690 BST 2019,7,3,1,8,0,457,0,458,0,2,0,0,0,3584,17692,1536,2,0,0,0,0,0,-1,0,0,-1,53248,2
Fri Aug 30 13:58:54 695 BST 2019,7,3,1,8,0,459,0,460,0,2,0,0,0,3584,17692,1536,2,0,0,0,0,0,-1,0,0,-1,53248,2
Fri Aug 30 13:59:24 701 BST 2019,7,3,1,8,0,461,0,462,0,2,0,0,0,3584,17692,1536,2,0,0,0,0,0,-1,0,0,-1,53248,1
Fri Aug 30 13:59:54 703 BST 2019,7,3,1,8,0,463,0,464,0,2,0,0,0,3584,17692,1536,2,0,0,0,0,0,-1,0,0,-1,53248,1
Fri Aug 30 14:00:24 708 BST 2019,7,3,1,8,0,465,0,466,0,2,0,0,0,3584,17692,1536,2,0,0,0,0,0,-1,0,0,-1,53248,2
Fri Aug 30 14:00:54 713 BST 2019,7,3,1,8,0,467,0,468,0,2,0,0,0,3584,17692,1536,2,0,0,0,0,0,-1,0,0,-1,53248,2
Fri Aug 30 14:01:24 719 BST 2019,7,3,1,8,0,469,0,470,0,2,0,0,0,3584,17692,1536,2,0,0,0,0,0,-1,0,0,-1,53248,2
Fri Aug 30 14:01:54 724 BST 2019,7,3,1,8,0,471,0,472,0,2,0,0,0,3584,17692,1536,2,0,0,0,0,0,-1,0,0,-1,53248,1
Fri Aug 30 14:02:24 731 BST 2019,7,3,1,8,0,473,0,474,0,2,0,0,0,3584,17692,1536,2,0,0,0,0,0,-1,0,0,-1,53248,2
Fri Aug 30 14:02:54 736 BST 2019,7,3,1,8,0,475,0,476,0,2,0,0,0,3584,17692,1536,2,0,0,0,0,0,-1,0,0,-1,53248,2
Fri Aug 30 14:03:24 740 BST 2019,7,3,1,8,0,477,0,478,0,2,0,0,0,3584,17692,1536,2,0,0,0,0,0,-1,0,0,-1,53248,2
Fri Aug 30 14:03:54 747 BST 2019,7,3,1,8,0,479,0,480,0,2,0,0,0,3584,17692,1536,2,0,0,0,0,0,-1,0,0,-1,53248,3
Fri Aug 30 14:04:24 749 BST 2019,7,3,1,8,0,481,0,482,0,2,0,0,0,3584,17692,1536,2,0,0,0,0,0,-1,0,0,-1,53248,1
Fri Aug 30 14:04:54 756 BST 2019,7,3,1,8,0,483,0,484,0,2,0,0,0,3584,17692,1536,2,0,0,0,0,0,-1,0,0,-1,53248,2
Fri Aug 30 14:05:24 762 BST 2019,7,3,1,8,0,485,0,486,0,2,0,0,0,3584,17692,1536,2,0,0,0,0,0,-1,0,0,-1,53248,2
Fri Aug 30 14:05:54 766 BST 2019,7,3,1,8,0,487,0,488,0,2,0,0,0,3584,17692,1536,2,0,0,0,0,0,-1,0,0,-1,53248,2
Fri Aug 30 14:06:24 771 BST 2019,7,3,1,8,0,489,0,490,0,2,0,0,0,3584,17692,1536,2,0,0,0,0,0,-1,0,0,-1,53248,2
Fri Aug 30 14:06:54 776 BST 2019,7,3,1,8,0,491,0,492,0,2,0,0,0,3584,17692,1536,2,0,0,0,0,0,-1,0,0,-1,53248,3
Fri Aug 30 14:07:24 783 BST 2019,7,3,1,8,0,493,0,494,0,2,0,0,0,3584,17692,1536,2,0,0,0,0,0,-1,0,0,-1,53248,2
Fri Aug 30 14:07:54 788 BST 2019,7,3,1,8,0,495,0,496,0,2,0,0,0,3584,17692,1536,2,0,0,0,0,0,-1,0,0,-1,53248,2
Fri Aug 30 14:08:24 793 BST 2019,7,3,1,8,0,497,0,498,0,2,0,0,0,3584,17692,1536,2,0,0,0,0,0,-1,0,0,-1,53248,2
Fri Aug 30 14:08:54 797 BST 2019,7,3,1,8,0,499,0,500,0,2,0,0,0,3584,17692,1536,2,0,0,0,0,0,-1,0,0,-1,53248,2
Fri Aug 30 14:09:24 804 BST 2019,7,3,1,8,0,501,0,502,0,2,0,0,0,3584,17692,1536,2,0,0,0,0,0,-1,0,0,-1,53248,2
Fri Aug 30 14:09:54 809 BST 2019,7,3,1,8,0,503,0,504,0,2,0,0,0,3584,17692,1536,2,0,0,0,0,0,-1,0,0,-1,53248,2
Fri Aug 30 14:10:24 811 BST 2019,7,3,1,8,0,505,0,506,0,2,0,0,0,3584,17692,1536,2,0,0,0,0,0,-1,0,0,-1,53248,1
Fri Aug 30 14:10:54 814 BST 2019,7,3,1,8,0,507,0,508,0,2,0,0,0,3584,17692,1536,2,0,0,0,0,0,-1,0,0,-1,53248,2
Fri Aug 30 14:11:24 825 BST 2019,7,3,1,8,0,509,0,510,0,2,0,0,0,3584,17692,1536,2,0,0,0,0,0,-1,0,0,-1,53248,2
Fri Aug 30 14:11:54 830 BST 2019,7,3,1,8,0,511,0,512,0,2,0,0,0,3584,17692,1536,2,0,0,0,0,0,-1,0,0,-1,53248,2
Fri Aug 30 14:12:24 831 BST 2019,7,3,1,8,0,513,0,514,0,2,0,0,0,3584,17692,1536,2,0,0,0,0,0,-1,0,0,-1,53248,0
Fri Aug 30 14:12:54 837 BST 2019,7,3,1,8,0,515,0,516,0,2,0,0,0,3584,17692,1536,2,0,0,0,0,0,-1,0,0,-1,53248,2
Fri Aug 30 14:13:24 840 BST 2019,7,3,1,8,0,517,0,518,0,2,0,0,0,3584,17692,1536,2,0,0,0,0,0,-1,0,0,-1,53248,1
Fri Aug 30 14:13:54 845 BST 2019,7,3,1,8,0,519,0,520,0,2,0,0,0,3584,17692,1536,2,0,0,0,0,0,-1,0,0,-1,53248,2
Fri Aug 30 14:14:24 850 BST 2019,7,3,1,8,0,521,0,522,0,2,0,0,0,3584,17692,1536,2,0,0,0,0,0,-1,0,0,-1,53248,2
Fri Aug 30 14:14:54 857 BST 2019,7,3,1,8,0,523,0,524,0,2,0,0,0,3584,17692,1536,2,0,0,0,0,0,-1,0,0,-1,53248,2
Fri Aug 30 14:15:24 866 BST 2019,7,3,1,8,0,525,0,526,0,2,0,0,0,3584,17692,1536,2,0,0,0,0,0,-1,0,0,-1,53248,2
Fri Aug 30 14:15:54 870 BST 2019,7,3,1,8,0,527,0,528,0,2,0,0,0,3584,17692,1536,2,0,0,0,0,0,-1,0,0,-1,53248,2
Fri Aug 30 14:16:24 876 BST 2019,7,3,1,8,0,529,0,530,0,2,0,0,0,3584,17692,1536,2,0,0,0,0,0,-1,0,0,-1,53248,2
Fri Aug 30 14:16:54 882 BST 2019,7,3,1,8,0,531,0,532,0,2,0,0,0,3584,17692,1536,2,0,0,0,0,0,-1,0,0,-1,53248,2
Fri Aug 30 14:17:24 888 BST 2019,7,3,1,8,0,533,0,534,0,2,0,0,0,3584,17692,1536,2,0,0,0,0,0,-1,0,0,-1,53248,2
Fri Aug 30 14:17:54 892 BST 2019,7,3,1,8,0,535,0,536,0,2,0,0,0,3584,17692,1536,2,0,0,0,0,0,-1,0,0,-1,53248,1
Fri Aug 30 14:18:24 897 BST 2019,7,3,1,8,0,537,0,538,0,2,0,0,0,3584,17692,1536,2,0,0,0,0,0,-1,0,0,-1,53248,2
Fri Aug 30 14:18:54 900 BST 2019,7,3,1,8,0,539,0,540,0,2,0,0,0,3584,17692,1536,2,0,0,0,0,0,-1,0,0,-1,53248,2
Fri Aug 30 14:19:24 905 BST 2019,7,3,1,8,0,541,0,542,0,2,0,0,0,3584,17692,1536,2,0,0,0,0,0,-1,0,0,-1,53248,1
Fri Aug 30 14:19:54 910 BST 2019,7,3,1,8,0,543,0,544,0,2,0,0,0,3584,17692,1536,2,0,0,0,0,0,-1,0,0,-1,53248,2
Fri Aug 30 14:20:24 920 BST 2019,7,3,1,8,0,545,0,546,0,2,0,0,0,3584,17692,1536,2,0,0,0,0,0,-1,0,0,-1,53248,2
Fri Aug 30 14:20:54 924 BST 2019,7,3,1,8,0,547,0,548,0,2,0,0,0,3584,17692,1536,2,0,0,0,0,0,-1,0,0,-1,53248,2
