timestamp,largeDestCount,inboundMessageRate,pendingMessageSize,connectionCount,inboundMessageCount,outboundMessageRate,pendingMessageCount,outboundMessageCount,sessionCount,durableCount,diskWriteRate,asyncDBSize,syncDBSize,diskReadRate,msgMem,queueCount,producerCount,topicCount,consumerCount,msgMemPooled,routeRecoverCount,outboundBytesRate,diskReadOperationsRate,clientConnectionCount,inboundBytesRate,adminConnectionCount,diskWriteOperationsRate,RespTime
Tue Sep 03 12:37:58 948 BST 2019,0,0,0,2,3233,0,0,3232,3,0,0,4096,1536,0,18522,10,1,5,2,53248,0,0,0,-1,0,-1,0,1
Tue Sep 03 12:38:28 954 BST 2019,0,0,0,2,3240,0,0,3239,2,0,0,4096,1536,0,17528,10,1,7,3,53248,0,0,0,-1,0,-1,0,2
Tue Sep 03 12:38:58 968 BST 2019,0,0,0,2,3243,0,0,3242,2,0,0,4096,1536,0,17528,10,1,7,3,53248,0,0,0,-1,0,-1,0,3
Tue Sep 03 12:39:28 978 BST 2019,0,0,0,3,3250,0,0,3249,4,0,0,3072,1536,0,23187,10,1,7,4,53248,0,0,0,-1,0,-1,0,8
Tue Sep 03 12:39:58 984 BST 2019,0,0,0,3,3253,0,0,3252,4,0,0,3072,1536,0,23187,10,1,7,4,53248,0,0,0,-1,0,-1,0,3
Tue Sep 03 12:40:28 987 BST 2019,0,0,0,2,3256,0,0,3255,2,0,0,3072,1536,0,17528,10,1,7,3,53248,0,0,0,-1,0,-1,0,0
Tue Sep 03 12:40:58 998 BST 2019,0,0,0,3,3263,0,0,3262,4,0,0,11776,1536,0,23187,10,1,7,4,53248,0,0,0,-1,0,-1,0,10
Tue Sep 03 12:41:29 002 BST 2019,0,0,0,2,3266,0,0,3265,2,0,0,3584,1536,0,17528,10,1,7,3,53248,0,0,0,-1,0,-1,0,4
Tue Sep 03 12:41:59 008 BST 2019,0,0,0,2,3269,0,0,3268,2,0,0,3584,1536,0,17528,10,1,7,3,53248,0,0,0,-1,0,-1,0,2
Tue Sep 03 12:42:29 012 BST 2019,0,0,0,2,3272,0,0,3271,2,0,0,3584,1536,0,17528,10,1,7,3,53248,0,0,0,-1,0,-1,0,2
Tue Sep 03 12:42:59 018 BST 2019,0,0,0,2,3275,0,0,3274,2,0,0,3584,1536,0,17528,10,1,7,3,53248,0,0,0,-1,0,-1,0,2
Tue Sep 03 12:43:29 022 BST 2019,0,0,0,2,3278,0,0,3277,2,0,0,3584,1536,0,17528,10,1,7,3,53248,0,0,0,-1,0,-1,0,0
Tue Sep 03 12:43:59 026 BST 2019,0,0,0,2,3281,0,0,3280,2,0,0,3584,1536,0,17528,10,1,7,3,53248,0,0,0,-1,0,-1,0,2
Tue Sep 03 12:44:29 043 BST 2019,0,0,0,2,3284,0,0,3283,2,0,0,3584,1536,0,17528,10,1,7,3,53248,0,0,0,-1,0,-1,0,2
Tue Sep 03 12:44:59 047 BST 2019,0,0,0,2,3287,0,0,3286,2,0,0,3584,1536,0,17528,10,1,7,3,53248,0,0,0,-1,0,-1,0,2
Tue Sep 03 12:45:29 056 BST 2019,0,0,0,2,3290,0,0,3289,2,0,0,3584,1536,0,17528,10,1,7,3,53248,0,0,0,-1,0,-1,0,2
Tue Sep 03 12:45:59 077 BST 2019,0,0,0,2,3293,0,0,3292,2,0,0,3584,1536,0,17528,10,1,7,3,53248,0,0,0,-1,0,-1,0,2
Tue Sep 03 12:46:29 080 BST 2019,0,0,0,2,3296,0,0,3295,2,0,0,3584,1536,0,17528,10,1,7,3,53248,0,0,0,-1,0,-1,0,2
Tue Sep 03 12:46:59 095 BST 2019,0,0,0,2,3299,0,0,3298,2,0,0,3584,1536,0,17528,10,1,7,3,53248,0,0,0,-1,0,-1,0,2
Tue Sep 03 12:47:29 099 BST 2019,0,0,0,2,3302,0,0,3301,2,0,0,3584,1536,0,17528,10,1,7,3,53248,0,0,0,-1,0,-1,0,0
Tue Sep 03 12:47:59 103 BST 2019,0,0,0,2,3305,0,0,3304,2,0,0,3584,1536,0,17528,10,1,7,3,53248,0,0,0,-1,0,-1,0,2
Tue Sep 03 12:48:29 107 BST 2019,0,0,0,2,3308,0,0,3307,2,0,0,3584,1536,0,17528,10,1,7,3,53248,0,0,0,-1,0,-1,0,2
Tue Sep 03 12:48:59 113 BST 2019,0,0,0,2,3311,0,0,3310,2,0,0,3584,1536,0,17528,10,1,7,3,53248,0,0,0,-1,0,-1,0,2
Tue Sep 03 12:49:29 117 BST 2019,0,0,0,2,3314,0,0,3313,2,0,0,3584,1536,0,17528,10,1,7,3,53248,0,0,0,-1,0,-1,0,2
Tue Sep 03 12:49:59 121 BST 2019,0,0,0,2,3317,0,0,3316,2,0,0,3584,1536,0,17528,10,1,7,3,53248,0,0,0,-1,0,-1,0,2
Tue Sep 03 12:50:29 125 BST 2019,0,0,0,2,3320,0,0,3319,2,0,0,3584,1536,0,17528,10,1,7,3,53248,0,0,0,-1,0,-1,0,2
Tue Sep 03 12:50:59 130 BST 2019,0,0,0,2,3323,0,0,3322,2,0,0,3584,1536,0,17528,10,1,7,3,53248,0,0,0,-1,0,-1,0,2
Tue Sep 03 12:51:29 133 BST 2019,0,0,0,2,3326,0,0,3325,2,0,0,3584,1536,0,17528,10,1,7,3,53248,0,0,0,-1,0,-1,0,0
Tue Sep 03 12:51:59 136 BST 2019,0,0,0,2,3329,0,0,3328,2,0,0,3584,1536,0,17528,10,1,7,3,53248,0,0,0,-1,0,-1,0,2
Tue Sep 03 12:52:29 140 BST 2019,0,0,0,2,3332,0,0,3331,2,0,0,3584,1536,0,17528,10,1,7,3,53248,0,0,0,-1,0,-1,0,2
Tue Sep 03 12:52:59 144 BST 2019,0,0,0,2,3335,0,0,3334,2,0,0,3584,1536,0,17528,10,1,7,3,53248,0,0,0,-1,0,-1,0,2
Tue Sep 03 12:53:29 148 BST 2019,0,0,0,2,3338,0,0,3337,2,0,0,3584,1536,0,17529,10,1,7,3,53248,0,0,0,-1,0,-1,0,2
Tue Sep 03 12:53:59 153 BST 2019,0,0,0,2,3341,0,0,3340,2,0,0,3584,1536,0,17529,10,1,7,3,53248,0,0,0,-1,0,-1,0,2
Tue Sep 03 12:54:29 157 BST 2019,0,0,0,2,3344,0,0,3343,2,0,0,3584,1536,0,17529,10,1,7,3,53248,0,0,0,-1,0,-1,0,2
Tue Sep 03 12:54:59 171 BST 2019,0,0,0,2,3347,0,0,3346,2,0,0,3584,1536,0,17529,10,1,7,3,53248,0,0,0,-1,0,-1,0,2
Tue Sep 03 12:55:29 173 BST 2019,0,0,0,2,3350,0,0,3349,2,0,0,3584,1536,0,17529,10,1,7,3,53248,0,0,0,-1,0,-1,0,0
Tue Sep 03 12:55:59 176 BST 2019,0,0,0,2,3353,0,0,3352,2,0,0,3584,1536,0,17529,10,1,7,3,53248,0,0,0,-1,0,-1,0,2
Tue Sep 03 12:56:29 180 BST 2019,0,0,0,2,3356,0,0,3355,2,0,0,3584,1536,0,17529,10,1,7,3,53248,0,0,0,-1,0,-1,0,2
Tue Sep 03 12:56:59 195 BST 2019,0,0,0,2,3359,0,0,3358,2,0,0,3584,1536,0,17529,10,1,7,3,53248,0,0,0,-1,0,-1,0,2
Tue Sep 03 12:57:29 198 BST 2019,0,0,0,2,3362,0,0,3361,2,0,0,3584,1536,0,17529,10,1,7,3,53248,0,0,0,-1,0,-1,0,2
Tue Sep 03 12:57:59 214 BST 2019,0,0,0,2,3365,0,0,3364,2,0,0,3584,1536,0,17529,10,1,7,3,53248,0,0,0,-1,0,-1,0,3
Tue Sep 03 12:58:29 217 BST 2019,0,0,0,2,3368,0,0,3367,2,0,0,3584,1536,0,17529,10,1,7,3,53248,0,0,0,-1,0,-1,0,2
Tue Sep 03 12:58:59 222 BST 2019,0,0,0,2,3371,0,0,3370,2,0,0,3584,1536,0,17529,10,1,7,3,53248,0,0,0,-1,0,-1,0,2
Tue Sep 03 12:59:29 224 BST 2019,0,0,0,2,3374,0,0,3373,2,0,0,3584,1536,0,17529,10,1,7,3,53248,0,0,0,-1,0,-1,0,0
Tue Sep 03 12:59:59 227 BST 2019,0,0,0,2,3377,0,0,3376,2,0,0,3584,1536,0,17529,10,1,7,3,53248,0,0,0,-1,0,-1,0,2
Tue Sep 03 13:00:29 232 BST 2019,0,0,0,2,3380,0,0,3379,2,0,0,3584,1536,0,17529,10,1,7,3,53248,0,0,0,-1,0,-1,0,2
Tue Sep 03 13:00:59 236 BST 2019,0,0,0,2,3383,0,0,3382,2,0,0,3584,1536,0,17529,10,1,7,3,53248,0,0,0,-1,0,-1,0,2
Tue Sep 03 13:01:29 241 BST 2019,0,0,0,2,3386,0,0,3385,2,0,0,3584,1536,0,17529,10,1,7,3,53248,0,0,0,-1,0,-1,0,2
Tue Sep 03 13:01:59 243 BST 2019,0,0,0,2,3389,0,0,3388,2,0,0,3584,1536,0,17529,10,1,7,3,53248,0,0,0,-1,0,-1,0,0
Tue Sep 03 13:02:29 247 BST 2019,0,0,0,2,3392,0,0,3391,2,0,0,3584,1536,0,17529,10,1,7,3,53248,0,0,0,-1,0,-1,0,2
Tue Sep 03 13:02:59 252 BST 2019,0,0,0,2,3395,0,0,3394,2,0,0,3584,1536,0,17529,10,1,7,3,53248,0,0,0,-1,0,-1,0,2
Tue Sep 03 13:03:29 256 BST 2019,0,0,0,2,3398,0,0,3397,2,0,0,3584,1536,0,17529,10,1,7,3,53248,0,0,0,-1,0,-1,0,2
Tue Sep 03 13:03:59 261 BST 2019,0,0,0,2,3401,0,0,3400,2,0,0,3584,1536,0,17529,10,1,7,3,53248,0,0,0,-1,0,-1,0,2
Tue Sep 03 13:04:29 265 BST 2019,0,0,0,2,3404,0,0,3403,2,0,0,3584,1536,0,17529,10,1,7,3,53248,0,0,0,-1,0,-1,0,2
Tue Sep 03 13:04:59 269 BST 2019,0,0,0,2,3407,0,0,3406,2,0,0,3584,1536,0,17529,10,1,7,3,53248,0,0,0,-1,0,-1,0,2
Tue Sep 03 13:05:29 279 BST 2019,0,0,0,2,3410,0,0,3409,2,0,0,3584,1536,0,17529,10,1,7,3,53248,0,0,0,-1,0,-1,0,2
Tue Sep 03 13:05:59 281 BST 2019,0,0,0,2,3413,0,0,3412,2,0,0,3584,1536,0,17529,10,1,7,3,53248,0,0,0,-1,0,-1,0,0
Tue Sep 03 13:06:29 284 BST 2019,0,0,0,2,3416,0,0,3415,2,0,0,3584,1536,0,17529,10,1,7,3,53248,0,0,0,-1,0,-1,0,2
Tue Sep 03 13:06:59 289 BST 2019,0,0,0,2,3419,0,0,3418,2,0,0,3584,1536,0,17529,10,1,7,3,53248,0,0,0,-1,0,-1,0,2
Tue Sep 03 13:07:29 293 BST 2019,0,0,0,2,3422,0,0,3421,2,0,0,3584,1536,0,17529,10,1,7,3,53248,0,0,0,-1,0,-1,0,2
Tue Sep 03 13:07:59 301 BST 2019,0,0,0,2,3425,0,0,3424,2,0,0,3584,1536,0,17529,10,1,7,3,53248,0,0,0,-1,0,-1,0,2
Tue Sep 03 13:08:29 305 BST 2019,0,0,0,2,3428,0,0,3427,2,0,0,3584,1536,0,17529,10,1,7,3,53248,0,0,0,-1,0,-1,0,2
Tue Sep 03 13:08:59 310 BST 2019,0,0,0,2,3431,0,0,3430,2,0,0,3584,1536,0,17529,10,1,7,3,53248,0,0,0,-1,0,-1,0,2
Tue Sep 03 13:09:29 319 BST 2019,0,0,0,2,3434,0,0,3433,2,0,0,3584,1536,0,17529,10,1,7,3,53248,0,0,0,-1,0,-1,0,2
Tue Sep 03 13:09:59 325 BST 2019,0,0,0,2,3437,0,0,3436,2,0,0,3584,1536,0,17529,10,1,7,3,53248,0,0,0,-1,0,-1,0,0
Tue Sep 03 13:10:29 329 BST 2019,0,0,0,2,3440,0,0,3439,2,0,0,3584,1536,0,17529,10,1,7,3,53248,0,0,0,-1,0,-1,0,2
Tue Sep 03 13:10:59 343 BST 2019,0,0,0,2,3443,0,0,3442,2,0,0,3584,1536,0,17529,10,1,7,3,53248,0,0,0,-1,0,-1,0,2
Tue Sep 03 13:11:29 347 BST 2019,0,0,0,2,3446,0,0,3445,2,0,0,3584,1536,0,17529,10,1,7,3,53248,0,0,0,-1,0,-1,0,2
Tue Sep 03 13:11:59 352 BST 2019,0,0,0,2,3449,0,0,3448,2,0,0,3584,1536,0,17529,10,1,7,3,53248,0,0,0,-1,0,-1,0,2
Tue Sep 03 13:12:29 354 BST 2019,0,0,0,2,3452,0,0,3451,2,0,0,3584,1536,0,17529,10,1,7,3,53248,0,0,0,-1,0,-1,0,0
Tue Sep 03 13:12:59 358 BST 2019,0,0,0,2,3455,0,0,3454,2,0,0,3584,1536,0,17529,10,1,7,3,53248,0,0,0,-1,0,-1,0,2
Tue Sep 03 13:13:29 361 BST 2019,0,0,0,2,3458,0,0,3457,2,0,0,3584,1536,0,17529,10,1,7,3,53248,0,0,0,-1,0,-1,0,1
Tue Sep 03 13:13:59 363 BST 2019,0,0,0,2,3461,0,0,3460,2,0,0,3584,1536,0,17529,10,1,7,3,53248,0,0,0,-1,0,-1,0,1
Tue Sep 03 13:14:29 366 BST 2019,0,0,0,2,3464,0,0,3463,2,0,0,3584,1536,0,17529,10,1,7,3,53248,0,0,0,-1,0,-1,0,2
Tue Sep 03 13:14:59 370 BST 2019,0,0,0,2,3467,0,0,3466,2,0,0,3584,1536,0,17529,10,1,7,3,53248,0,0,0,-1,0,-1,0,2
Tue Sep 03 13:15:29 374 BST 2019,0,0,0,2,3470,0,0,3469,2,0,0,3584,1536,0,17529,10,1,7,3,53248,0,0,0,-1,0,-1,0,2
Tue Sep 03 13:15:59 378 BST 2019,0,0,0,2,3473,0,0,3472,2,0,0,3584,1536,0,17529,10,1,7,3,53248,0,0,0,-1,0,-1,0,2
Tue Sep 03 13:16:29 380 BST 2019,0,0,0,2,3476,0,0,3475,2,0,0,3584,1536,0,17529,10,1,7,3,53248,0,0,0,-1,0,-1,0,0
Tue Sep 03 13:16:59 391 BST 2019,0,0,0,2,3479,0,0,3478,2,0,0,3584,1536,0,17529,10,1,7,3,53248,0,0,0,-1,0,-1,0,2
Tue Sep 03 13:17:29 394 BST 2019,0,0,0,2,3482,0,0,3481,2,0,0,3584,1536,0,17529,10,1,7,3,53248,0,0,0,-1,0,-1,0,2
Tue Sep 03 13:17:59 398 BST 2019,0,0,0,2,3485,0,0,3484,2,0,0,3584,1536,0,17529,10,1,7,3,53248,0,0,0,-1,0,-1,0,2
Tue Sep 03 13:18:29 402 BST 2019,0,0,0,2,3488,0,0,3487,2,0,0,3584,1536,0,17529,10,1,7,3,53248,0,0,0,-1,0,-1,0,2
Tue Sep 03 13:18:59 407 BST 2019,0,0,0,2,3491,0,0,3490,2,0,0,3584,1536,0,17529,10,1,7,3,53248,0,0,0,-1,0,-1,0,2
Tue Sep 03 13:19:29 411 BST 2019,0,0,0,2,3494,0,0,3493,2,0,0,3584,1536,0,17529,10,1,7,3,53248,0,0,0,-1,0,-1,0,2
Tue Sep 03 13:19:59 415 BST 2019,0,0,0,2,3497,0,0,3496,2,0,0,3584,1536,0,17529,10,1,7,3,53248,0,0,0,-1,0,-1,0,2
Tue Sep 03 13:20:29 419 BST 2019,0,0,0,2,3500,0,0,3499,2,0,0,3584,1536,0,17529,10,1,7,3,53248,0,0,0,-1,0,-1,0,2
Tue Sep 03 13:20:59 422 BST 2019,0,0,0,2,3503,0,0,3502,2,0,0,3584,1536,0,17529,10,1,7,3,53248,0,0,0,-1,0,-1,0,2
Tue Sep 03 13:21:29 425 BST 2019,0,0,0,2,3506,0,0,3505,2,0,0,3584,1536,0,17529,10,1,7,3,53248,0,0,0,-1,0,-1,0,1
Tue Sep 03 13:21:59 428 BST 2019,0,0,0,2,3509,0,0,3508,2,0,0,3584,1536,0,17529,10,1,7,3,53248,0,0,0,-1,0,-1,0,1
Tue Sep 03 13:22:29 429 BST 2019,0,0,0,2,3512,0,0,3511,2,0,0,3584,1536,0,17529,10,1,7,3,53248,0,0,0,-1,0,-1,0,0
Tue Sep 03 13:22:59 431 BST 2019,0,0,0,2,3515,0,0,3514,2,0,0,3584,1536,0,17529,10,1,7,3,53248,0,0,0,-1,0,-1,0,0
Tue Sep 03 13:23:29 433 BST 2019,0,0,0,2,3518,0,0,3517,2,0,0,3584,1536,0,17529,10,1,7,3,53248,0,0,0,-1,0,-1,0,0
Tue Sep 03 13:23:59 437 BST 2019,0,0,0,2,3521,0,0,3520,2,0,0,3584,1536,0,17529,10,1,7,3,53248,0,0,0,-1,0,-1,0,2
Tue Sep 03 13:24:29 441 BST 2019,0,0,0,2,3524,0,0,3523,2,0,0,3584,1536,0,17529,10,1,7,3,53248,0,0,0,-1,0,-1,0,2
Tue Sep 03 13:24:59 445 BST 2019,0,0,0,2,3527,0,0,3526,2,0,0,3584,1536,0,17529,10,1,7,3,53248,0,0,0,-1,0,-1,0,2
Tue Sep 03 13:25:29 447 BST 2019,0,0,0,2,3530,0,0,3529,2,0,0,3584,1536,0,17529,10,1,7,3,53248,0,0,0,-1,0,-1,0,0
Tue Sep 03 13:25:59 450 BST 2019,0,0,0,2,3533,0,0,3532,2,0,0,3584,1536,0,17529,10,1,7,3,53248,0,0,0,-1,0,-1,0,2
Tue Sep 03 13:26:29 455 BST 2019,0,0,0,2,3536,0,0,3535,2,0,0,3584,1536,0,17529,10,1,7,3,53248,0,0,0,-1,0,-1,0,2
Tue Sep 03 13:26:59 458 BST 2019,0,0,0,2,3539,0,0,3538,2,0,0,3584,1536,0,17529,10,1,7,3,53248,0,0,0,-1,0,-1,0,0
Tue Sep 03 13:27:29 461 BST 2019,0,0,0,2,3542,0,0,3541,2,0,0,3584,1536,0,17529,10,1,7,3,53248,0,0,0,-1,0,-1,0,2
Tue Sep 03 13:27:59 464 BST 2019,0,0,0,2,3545,0,0,3544,2,0,0,3584,1536,0,17529,10,1,7,3,53248,0,0,0,-1,0,-1,0,1
Tue Sep 03 13:28:29 467 BST 2019,0,0,0,2,3548,0,0,3547,2,0,0,3584,1536,0,17529,10,1,7,3,53248,0,0,0,-1,0,-1,0,2
Tue Sep 03 13:28:59 472 BST 2019,0,0,0,2,3551,0,0,3550,2,0,0,3584,1536,0,17529,10,1,7,3,53248,0,0,0,-1,0,-1,0,2
Tue Sep 03 13:29:29 485 BST 2019,0,0,0,2,3554,0,0,3553,2,0,0,3584,1536,0,17529,10,1,7,3,53248,0,0,0,-1,0,-1,0,2
Tue Sep 03 13:29:59 489 BST 2019,0,0,0,2,3557,0,0,3556,2,0,0,3584,1536,0,17529,10,1,7,3,53248,0,0,0,-1,0,-1,0,2
Tue Sep 03 13:30:29 494 BST 2019,0,0,0,2,3560,0,0,3559,2,0,0,3584,1536,0,17529,10,1,7,3,53248,0,0,0,-1,0,-1,0,2
Tue Sep 03 13:30:59 497 BST 2019,0,0,0,2,3563,0,0,3562,2,0,0,3584,1536,0,17529,10,1,7,3,53248,0,0,0,-1,0,-1,0,0
Tue Sep 03 13:31:29 500 BST 2019,0,0,0,2,3566,0,0,3565,2,0,0,3584,1536,0,17529,10,1,7,3,53248,0,0,0,-1,0,-1,0,2
Tue Sep 03 13:31:59 503 BST 2019,0,0,0,2,3569,0,0,3568,2,0,0,3584,1536,0,17529,10,1,7,3,53248,0,0,0,-1,0,-1,0,2
Tue Sep 03 13:32:29 507 BST 2019,0,0,0,2,3572,0,0,3571,2,0,0,3584,1536,0,17529,10,1,7,3,53248,0,0,0,-1,0,-1,0,2
Tue Sep 03 13:32:59 521 BST 2019,0,0,0,2,3575,0,0,3574,2,0,0,3584,1536,0,17529,10,1,7,3,53248,0,0,0,-1,0,-1,0,2
Tue Sep 03 13:33:29 525 BST 2019,0,0,0,2,3578,0,0,3577,2,0,0,3584,1536,0,17529,10,1,7,3,53248,0,0,0,-1,0,-1,0,2
Tue Sep 03 13:33:59 529 BST 2019,0,0,0,2,3581,0,0,3580,2,0,0,3584,1536,0,17529,10,1,7,3,53248,0,0,0,-1,0,-1,0,2
Tue Sep 03 13:34:29 533 BST 2019,0,0,0,2,3584,0,0,3583,2,0,0,3584,1536,0,17529,10,1,7,3,53248,0,0,0,-1,0,-1,0,2
Tue Sep 03 13:34:59 537 BST 2019,0,0,0,2,3587,0,0,3586,2,0,0,3584,1536,0,17529,10,1,7,3,53248,0,0,0,-1,0,-1,0,2
Tue Sep 03 13:35:29 542 BST 2019,0,0,0,2,3590,0,0,3589,2,0,0,3584,1536,0,17529,10,1,7,3,53248,0,0,0,-1,0,-1,0,2
Tue Sep 03 13:35:59 546 BST 2019,0,0,0,2,3593,0,0,3592,2,0,0,3584,1536,0,17529,10,1,7,3,53248,0,0,0,-1,0,-1,0,2
Tue Sep 03 13:36:29 550 BST 2019,0,0,0,2,3596,0,0,3595,2,0,0,3584,1536,0,17529,10,1,7,3,53248,0,0,0,-1,0,-1,0,2
Tue Sep 03 13:36:59 554 BST 2019,0,0,0,2,3599,0,0,3598,2,0,0,3584,1536,0,17529,10,1,7,3,53248,0,0,0,-1,0,-1,0,2
Tue Sep 03 13:37:29 558 BST 2019,0,0,0,2,3602,0,0,3601,2,0,0,3584,1536,0,17529,10,1,7,3,53248,0,0,0,-1,0,-1,0,2
Tue Sep 03 13:37:59 563 BST 2019,0,0,0,2,3605,0,0,3604,2,0,0,3584,1536,0,17529,10,1,7,3,53248,0,0,0,-1,0,-1,0,2
Tue Sep 03 13:38:29 567 BST 2019,0,0,0,2,3608,0,0,3607,2,0,0,3584,1536,0,17529,10,1,7,3,53248,0,0,0,-1,0,-1,0,2
Tue Sep 03 13:38:59 571 BST 2019,0,0,0,2,3611,0,0,3610,2,0,0,3584,1536,0,17529,10,1,7,3,53248,0,0,0,-1,0,-1,0,2
Tue Sep 03 13:39:29 575 BST 2019,0,0,0,2,3614,0,0,3613,2,0,0,3584,1536,0,17529,10,1,7,3,53248,0,0,0,-1,0,-1,0,2
Tue Sep 03 13:39:59 586 BST 2019,0,0,0,2,3617,0,0,3616,2,0,0,3584,1536,0,17529,10,1,7,3,53248,0,0,0,-1,0,-1,0,2
Tue Sep 03 13:40:29 587 BST 2019,0,0,0,2,3620,0,0,3619,2,0,0,3584,1536,0,17529,10,1,7,3,53248,0,0,0,-1,0,-1,0,1
Tue Sep 03 13:40:59 591 BST 2019,0,0,0,2,3623,0,0,3622,2,0,0,3584,1536,0,17529,10,1,7,3,53248,0,0,0,-1,0,-1,0,2
Tue Sep 03 13:41:29 592 BST 2019,0,0,0,2,3626,0,0,3625,2,0,0,3584,1536,0,17529,10,1,7,3,53248,0,0,0,-1,0,-1,0,0
Tue Sep 03 13:41:59 596 BST 2019,0,0,0,2,3629,0,0,3628,2,0,0,3584,1536,0,17529,10,1,7,3,53248,0,0,0,-1,0,-1,0,2
Tue Sep 03 13:42:29 600 BST 2019,0,0,0,2,3632,0,0,3631,2,0,0,3584,1536,0,17529,10,1,7,3,53248,0,0,0,-1,0,-1,0,2
Tue Sep 03 13:42:59 603 BST 2019,0,0,0,2,3635,0,0,3634,2,0,0,3584,1536,0,17529,10,1,7,3,53248,0,0,0,-1,0,-1,0,2
Tue Sep 03 13:43:29 604 BST 2019,0,0,0,2,3638,0,0,3637,2,0,0,3584,1536,0,17529,10,1,7,3,53248,0,0,0,-1,0,-1,0,0
Tue Sep 03 13:43:59 606 BST 2019,0,0,0,2,3641,0,0,3640,2,0,0,3584,1536,0,17529,10,1,7,3,53248,0,0,0,-1,0,-1,0,2
Tue Sep 03 13:44:29 611 BST 2019,0,0,0,2,3644,0,0,3643,2,0,0,3584,1536,0,17529,10,1,7,3,53248,0,0,0,-1,0,-1,0,2
Tue Sep 03 13:44:59 615 BST 2019,0,0,0,2,3647,0,0,3646,2,0,0,3584,1536,0,17529,10,1,7,3,53248,0,0,0,-1,0,-1,0,2
Tue Sep 03 13:45:29 619 BST 2019,0,0,0,2,3650,0,0,3649,2,0,0,3584,1536,0,17529,10,1,7,3,53248,0,0,0,-1,0,-1,0,2
Tue Sep 03 13:45:59 623 BST 2019,0,0,0,2,3653,0,0,3652,2,0,0,3584,1536,0,17529,10,1,7,3,53248,0,0,0,-1,0,-1,0,2
Tue Sep 03 13:46:29 627 BST 2019,0,0,0,2,3656,0,0,3655,2,0,0,3584,1536,0,17529,10,1,7,3,53248,0,0,0,-1,0,-1,0,2
Tue Sep 03 13:46:59 631 BST 2019,0,0,0,2,3659,0,0,3658,2,0,0,3584,1536,0,17529,10,1,7,3,53248,0,0,0,-1,0,-1,0,2
Tue Sep 03 13:47:29 634 BST 2019,0,0,0,2,3662,0,0,3661,2,0,0,3584,1536,0,17529,10,1,7,3,53248,0,0,0,-1,0,-1,0,2
Tue Sep 03 13:47:59 636 BST 2019,0,0,0,2,3665,0,0,3664,2,0,0,3584,1536,0,17529,10,1,7,3,53248,0,0,0,-1,0,-1,0,0
Tue Sep 03 13:48:29 647 BST 2019,0,0,0,2,3668,0,0,3667,2,0,0,3584,1536,0,17529,10,1,7,3,53248,0,0,0,-1,0,-1,0,2
Tue Sep 03 13:48:59 650 BST 2019,0,0,0,2,3671,0,0,3670,2,0,0,3584,1536,0,17529,10,1,7,3,53248,0,0,0,-1,0,-1,0,2
Tue Sep 03 13:49:29 653 BST 2019,0,0,0,2,3674,0,0,3673,2,0,0,3584,1536,0,17529,10,1,7,3,53248,0,0,0,-1,0,-1,0,2
Tue Sep 03 13:49:59 658 BST 2019,0,0,0,2,3677,0,0,3676,2,0,0,3584,1536,0,17529,10,1,7,3,53248,0,0,0,-1,0,-1,0,2
Tue Sep 03 13:50:29 670 BST 2019,0,0,0,2,3680,0,0,3679,2,0,0,3584,1536,0,17529,10,1,7,3,53248,0,0,0,-1,0,-1,0,2
Tue Sep 03 13:50:59 675 BST 2019,0,0,0,2,3683,0,0,3682,2,0,0,3584,1536,0,17529,10,1,7,3,53248,0,0,0,-1,0,-1,0,2
Tue Sep 03 13:51:29 678 BST 2019,0,0,0,2,3686,0,0,3685,2,0,0,3584,1536,0,17529,10,1,7,3,53248,0,0,0,-1,0,-1,0,2
Tue Sep 03 13:51:59 693 BST 2019,0,0,0,2,3689,0,0,3688,2,0,0,3584,1536,0,17529,10,1,7,3,53248,0,0,0,-1,0,-1,0,0
Tue Sep 03 13:52:29 711 BST 2019,0,0,0,2,3692,0,0,3691,2,0,0,3584,1536,0,17529,10,1,7,3,53248,0,0,0,-1,0,-1,0,2
Tue Sep 03 13:52:59 712 BST 2019,0,0,0,2,3695,0,0,3694,2,0,0,3584,1536,0,17529,10,1,7,3,53248,0,0,0,-1,0,-1,0,2
Tue Sep 03 13:53:29 722 BST 2019,0,0,0,2,3698,0,0,3697,2,0,0,3584,1536,0,17529,10,1,7,3,53248,0,0,0,-1,0,-1,0,2
Tue Sep 03 13:53:59 725 BST 2019,0,0,0,2,3701,0,0,3700,2,0,0,3584,1536,0,17529,10,1,7,3,53248,0,0,0,-1,0,-1,0,2
Tue Sep 03 13:54:29 729 BST 2019,0,0,0,2,3704,0,0,3703,2,0,0,3584,1536,0,17529,10,1,7,3,53248,0,0,0,-1,0,-1,0,2
Tue Sep 03 13:54:59 752 BST 2019,0,0,0,2,3707,0,0,3706,2,0,0,3584,1536,0,17529,10,1,7,3,53248,0,0,0,-1,0,-1,0,2
Tue Sep 03 13:55:29 754 BST 2019,0,0,0,2,3710,0,0,3709,2,0,0,3584,1536,0,17529,10,1,7,3,53248,0,0,0,-1,0,-1,0,2
Tue Sep 03 13:55:59 756 BST 2019,0,0,0,2,3713,0,0,3712,2,0,0,3584,1536,0,17529,10,1,7,3,53248,0,0,0,-1,0,-1,0,0
Tue Sep 03 13:56:29 760 BST 2019,0,0,0,2,3716,0,0,3715,2,0,0,3584,1536,0,17529,10,1,7,3,53248,0,0,0,-1,0,-1,0,2
Tue Sep 03 13:56:59 763 BST 2019,0,0,0,2,3719,0,0,3718,2,0,0,3584,1536,0,17529,10,1,7,3,53248,0,0,0,-1,0,-1,0,2
Tue Sep 03 13:57:29 767 BST 2019,0,0,0,2,3722,0,0,3721,2,0,0,3584,1536,0,17529,10,1,7,3,53248,0,0,0,-1,0,-1,0,2
Tue Sep 03 13:57:59 770 BST 2019,0,0,0,2,3725,0,0,3724,2,0,0,3584,1536,0,17529,10,1,7,3,53248,0,0,0,-1,0,-1,0,2
Tue Sep 03 13:58:29 774 BST 2019,0,0,0,2,3728,0,0,3727,2,0,0,3584,1536,0,17529,10,1,7,3,53248,0,0,0,-1,0,-1,0,2
Tue Sep 03 13:58:59 779 BST 2019,0,0,0,2,3731,0,0,3730,2,0,0,3584,1536,0,17529,10,1,7,3,53248,0,0,0,-1,0,-1,0,2
Tue Sep 03 13:59:29 782 BST 2019,0,0,0,2,3734,0,0,3733,2,0,0,3584,1536,0,17529,10,1,7,3,53248,0,0,0,-1,0,-1,0,0
Tue Sep 03 13:59:59 785 BST 2019,0,0,0,2,3737,0,0,3736,2,0,0,3584,1536,0,17529,10,1,7,3,53248,0,0,0,-1,0,-1,0,2
Tue Sep 03 14:00:29 788 BST 2019,0,0,0,2,3740,0,0,3739,2,0,0,3584,1536,0,17529,10,1,7,3,53248,0,0,0,-1,0,-1,0,2
Tue Sep 03 14:00:59 791 BST 2019,0,0,0,2,3743,0,0,3742,2,0,0,3584,1536,0,17529,10,1,7,3,53248,0,0,0,-1,0,-1,0,2
Tue Sep 03 14:01:29 795 BST 2019,0,0,0,2,3746,0,0,3745,2,0,0,3584,1536,0,17529,10,1,7,3,53248,0,0,0,-1,0,-1,0,2
Tue Sep 03 14:01:59 802 BST 2019,0,0,0,2,3749,0,0,3748,2,0,0,3584,1536,0,17529,10,1,7,3,53248,0,0,0,-1,0,-1,0,3
Tue Sep 03 14:02:29 805 BST 2019,0,0,0,2,3752,0,0,3751,2,0,0,3584,1536,0,17529,10,1,7,3,53248,0,0,0,-1,0,-1,0,2
Tue Sep 03 14:02:59 808 BST 2019,0,0,0,2,3755,0,0,3754,2,0,0,3584,1536,0,17529,10,1,7,3,53248,0,0,0,-1,0,-1,0,2
Tue Sep 03 14:03:29 824 BST 2019,0,0,0,2,3758,0,0,3757,2,0,0,3584,1536,0,17529,10,1,7,3,53248,0,0,0,-1,0,-1,0,2
Tue Sep 03 14:03:59 828 BST 2019,0,0,0,2,3761,0,0,3760,2,0,0,3584,1536,0,17529,10,1,7,3,53248,0,0,0,-1,0,-1,0,2
Tue Sep 03 14:04:29 831 BST 2019,0,0,0,2,3764,0,0,3763,2,0,0,3584,1536,0,17529,10,1,7,3,53248,0,0,0,-1,0,-1,0,2
Tue Sep 03 14:04:59 836 BST 2019,0,0,0,2,3767,0,0,3766,2,0,0,3584,1536,0,17529,10,1,7,3,53248,0,0,0,-1,0,-1,0,2
Tue Sep 03 14:05:29 839 BST 2019,0,0,0,2,3770,0,0,3769,2,0,0,3584,1536,0,17529,10,1,7,3,53248,0,0,0,-1,0,-1,0,2
Tue Sep 03 14:05:59 843 BST 2019,0,0,0,2,3773,0,0,3772,2,0,0,3584,1536,0,17529,10,1,7,3,53248,0,0,0,-1,0,-1,0,2
Tue Sep 03 14:06:29 851 BST 2019,0,0,0,2,3776,0,0,3775,2,0,0,3584,1536,0,17529,10,1,7,3,53248,0,0,0,-1,0,-1,0,0
Tue Sep 03 14:06:59 854 BST 2019,0,0,0,2,3779,0,0,3778,2,0,0,3584,1536,0,17529,10,1,7,3,53248,0,0,0,-1,0,-1,0,2
Tue Sep 03 14:07:29 856 BST 2019,0,0,0,2,3782,0,0,3781,2,0,0,3584,1536,0,17529,10,1,7,3,53248,0,0,0,-1,0,-1,0,1
Tue Sep 03 14:07:59 858 BST 2019,0,0,0,2,3785,0,0,3784,2,0,0,3584,1536,0,17529,10,1,7,3,53248,0,0,0,-1,0,-1,0,1
Tue Sep 03 14:08:29 859 BST 2019,0,0,0,2,3788,0,0,3787,2,0,0,3584,1536,0,17529,10,1,7,3,53248,0,0,0,-1,0,-1,0,0
Tue Sep 03 14:08:59 861 BST 2019,0,0,0,2,3791,0,0,3790,2,0,0,3584,1536,0,17529,10,1,7,3,53248,0,0,0,-1,0,-1,0,0
Tue Sep 03 14:09:29 863 BST 2019,0,0,0,2,3794,0,0,3793,2,0,0,3584,1536,0,17529,10,1,7,3,53248,0,0,0,-1,0,-1,0,2
Tue Sep 03 14:09:59 868 BST 2019,0,0,0,2,3797,0,0,3796,2,0,0,3584,1536,0,17529,10,1,7,3,53248,0,0,0,-1,0,-1,0,2
Tue Sep 03 14:10:29 871 BST 2019,0,0,0,2,3800,0,0,3799,2,0,0,3584,1536,0,17529,10,1,7,3,53248,0,0,0,-1,0,-1,0,2
Tue Sep 03 14:10:59 875 BST 2019,0,0,0,2,3803,0,0,3802,2,0,0,3584,1536,0,17529,10,1,7,3,53248,0,0,0,-1,0,-1,0,2
Tue Sep 03 14:11:29 879 BST 2019,0,0,0,2,3806,0,0,3805,2,0,0,3584,1536,0,17529,10,1,7,3,53248,0,0,0,-1,0,-1,0,2
Tue Sep 03 14:11:59 883 BST 2019,0,0,0,2,3809,0,0,3808,2,0,0,3584,1536,0,17529,10,1,7,3,53248,0,0,0,-1,0,-1,0,2
Tue Sep 03 14:12:29 885 BST 2019,0,0,0,2,3812,0,0,3811,2,0,0,3584,1536,0,17529,10,1,7,3,53248,0,0,0,-1,0,-1,0,0
Tue Sep 03 14:12:59 888 BST 2019,0,0,0,2,3815,0,0,3814,2,0,0,3584,1536,0,17529,10,1,7,3,53248,0,0,0,-1,0,-1,0,2
Tue Sep 03 14:13:29 892 BST 2019,0,0,0,2,3818,0,0,3817,2,0,0,3584,1536,0,17529,10,1,7,3,53248,0,0,0,-1,0,-1,0,2
Tue Sep 03 14:13:59 895 BST 2019,0,0,0,2,3821,0,0,3820,2,0,0,3584,1536,0,17529,10,1,7,3,53248,0,0,0,-1,0,-1,0,2
Tue Sep 03 14:14:29 898 BST 2019,0,0,0,2,3824,0,0,3823,2,0,0,3584,1536,0,17529,10,1,7,3,53248,0,0,0,-1,0,-1,0,2
Tue Sep 03 14:14:59 903 BST 2019,0,0,0,2,3827,0,0,3826,2,0,0,3584,1536,0,17529,10,1,7,3,53248,0,0,0,-1,0,-1,0,2
Tue Sep 03 14:15:29 912 BST 2019,0,0,0,2,3830,0,0,3829,2,0,0,3584,1536,0,17529,10,1,7,3,53248,0,0,0,-1,0,-1,0,2
Tue Sep 03 14:15:59 926 BST 2019,0,0,0,2,3833,0,0,3832,2,0,0,3584,1536,0,17529,10,1,7,3,53248,0,0,0,-1,0,-1,0,1
Tue Sep 03 14:16:29 932 BST 2019,0,0,0,2,3836,0,0,3835,2,0,0,3584,1536,0,17529,10,1,7,3,53248,0,0,0,-1,0,-1,0,2
Tue Sep 03 14:16:59 933 BST 2019,0,0,0,2,3839,0,0,3838,2,0,0,3584,1536,0,17529,10,1,7,3,53248,0,0,0,-1,0,-1,0,0
Tue Sep 03 14:17:29 937 BST 2019,0,0,0,2,3842,0,0,3841,2,0,0,3584,1536,0,17529,10,1,7,3,53248,0,0,0,-1,0,-1,0,2
Tue Sep 03 14:17:59 948 BST 2019,0,0,0,2,3845,0,0,3844,2,0,0,3584,1536,0,17529,10,1,7,3,53248,0,0,0,-1,0,-1,0,0
Tue Sep 03 14:18:29 952 BST 2019,0,0,0,2,3848,0,0,3847,2,0,0,3584,1536,0,17529,10,1,7,3,53248,0,0,0,-1,0,-1,0,2
Tue Sep 03 14:18:59 960 BST 2019,0,0,0,2,3851,0,0,3850,2,0,0,3584,1536,0,17529,10,1,7,3,53248,0,0,0,-1,0,-1,0,0
Tue Sep 03 14:19:29 968 BST 2019,0,0,0,2,3854,0,0,3853,2,0,0,3584,1536,0,17529,10,1,7,3,53248,0,0,0,-1,0,-1,0,20
Tue Sep 03 14:19:59 979 BST 2019,0,0,0,2,3857,0,0,3856,2,0,0,3584,1536,0,17529,10,1,7,3,53248,0,0,0,-1,0,-1,0,2
Tue Sep 03 14:20:29 982 BST 2019,0,0,0,2,3860,0,0,3859,2,0,0,3584,1536,0,17529,10,1,7,3,53248,0,0,0,-1,0,-1,0,2
Tue Sep 03 14:20:59 984 BST 2019,0,0,0,2,3863,0,0,3862,2,0,0,3584,1536,0,17529,10,1,7,3,53248,0,0,0,-1,0,-1,0,0
Tue Sep 03 14:21:29 987 BST 2019,0,0,0,2,3866,0,0,3865,2,0,0,3584,1536,0,17529,10,1,7,3,53248,0,0,0,-1,0,-1,0,2
Tue Sep 03 14:21:59 990 BST 2019,0,0,0,2,3869,0,0,3868,2,0,0,3584,1536,0,17529,10,1,7,3,53248,0,0,0,-1,0,-1,0,2
Tue Sep 03 14:22:29 992 BST 2019,0,0,0,2,3872,0,0,3871,2,0,0,3584,1536,0,17529,10,1,7,3,53248,0,0,0,-1,0,-1,0,1
Tue Sep 03 14:22:59 993 BST 2019,0,0,0,2,3875,0,0,3874,2,0,0,3584,1536,0,17529,10,1,7,3,53248,0,0,0,-1,0,-1,0,0
Tue Sep 03 14:23:29 995 BST 2019,0,0,0,2,3878,0,0,3877,2,0,0,3584,1536,0,17529,10,1,7,3,53248,0,0,0,-1,0,-1,0,0
Tue Sep 03 14:23:59 996 BST 2019,0,0,0,2,3881,0,0,3880,2,0,0,3584,1536,0,17529,10,1,7,3,53248,0,0,0,-1,0,-1,0,0
Tue Sep 03 14:24:29 998 BST 2019,0,0,0,2,3884,0,0,3883,2,0,0,3584,1536,0,17529,10,1,7,3,53248,0,0,0,-1,0,-1,0,0
Tue Sep 03 14:24:59 999 BST 2019,0,0,0,2,3887,0,0,3886,2,0,0,3584,1536,0,17529,10,1,7,3,53248,0,0,0,-1,0,-1,0,0
Tue Sep 03 14:25:30 002 BST 2019,0,0,0,2,3890,0,0,3889,2,0,0,3584,1536,0,17529,10,1,7,3,53248,0,0,0,-1,0,-1,0,1
Tue Sep 03 14:26:00 015 BST 2019,0,0,0,2,3893,0,0,3892,2,0,0,3584,1536,0,17529,10,1,7,3,53248,0,0,0,-1,0,-1,0,0
Tue Sep 03 14:26:30 017 BST 2019,0,0,0,2,3896,0,0,3895,2,0,0,3584,1536,0,17529,10,1,7,3,53248,0,0,0,-1,0,-1,0,1
Tue Sep 03 14:27:00 017 BST 2019,0,0,0,2,3899,0,0,3898,2,0,0,3584,1536,0,17529,10,1,7,3,53248,0,0,0,-1,0,-1,0,0
Tue Sep 03 14:27:30 021 BST 2019,0,0,0,2,3902,0,0,3901,2,0,0,3584,1536,0,17529,10,1,7,3,53248,0,0,0,-1,0,-1,0,2
Tue Sep 03 14:28:00 024 BST 2019,0,0,0,2,3905,0,0,3904,2,0,0,3584,1536,0,17529,10,1,7,3,53248,0,0,0,-1,0,-1,0,0
Tue Sep 03 14:28:30 028 BST 2019,0,0,0,2,3908,0,0,3907,2,0,0,3584,1536,0,17529,10,1,7,3,53248,0,0,0,-1,0,-1,0,2
Tue Sep 03 14:29:00 031 BST 2019,0,0,0,2,3911,0,0,3910,2,0,0,3584,1536,0,17529,10,1,7,3,53248,0,0,0,-1,0,-1,0,0
Tue Sep 03 14:29:30 034 BST 2019,0,0,0,2,3914,0,0,3913,2,0,0,3584,1536,0,17529,10,1,7,3,53248,0,0,0,-1,0,-1,0,2
Tue Sep 03 14:30:00 037 BST 2019,0,0,0,2,3917,0,0,3916,2,0,0,3584,1536,0,17529,10,1,7,3,53248,0,0,0,-1,0,-1,0,0
Tue Sep 03 14:30:30 041 BST 2019,0,0,0,2,3920,0,0,3919,2,0,0,3584,1536,0,17529,10,1,7,3,53248,0,0,0,-1,0,-1,0,2
Tue Sep 03 14:31:00 057 BST 2019,0,0,0,2,3923,0,0,3922,2,0,0,3584,1536,0,17529,10,1,7,3,53248,0,0,0,-1,0,-1,0,0
Tue Sep 03 14:31:30 067 BST 2019,0,0,0,2,3926,0,0,3925,2,0,0,3584,1536,0,17529,10,1,7,3,53248,0,0,0,-1,0,-1,0,0
Tue Sep 03 14:32:00 076 BST 2019,0,0,0,2,3929,0,0,3928,2,0,0,3584,1536,0,17529,10,1,7,3,53248,0,0,0,-1,0,-1,0,0
Tue Sep 03 14:32:30 079 BST 2019,0,0,0,2,3932,0,0,3931,2,0,0,3584,1536,0,17529,10,1,7,3,53248,0,0,0,-1,0,-1,0,2
Tue Sep 03 14:33:00 080 BST 2019,0,0,0,2,3935,0,0,3934,2,0,0,3584,1536,0,17529,10,1,7,3,53248,0,0,0,-1,0,-1,0,1
Tue Sep 03 14:33:30 084 BST 2019,0,0,0,2,3938,0,0,3937,2,0,0,3584,1536,0,17529,10,1,7,3,53248,0,0,0,-1,0,-1,0,1
Tue Sep 03 14:34:00 087 BST 2019,0,0,0,2,3941,0,0,3940,2,0,0,3584,1536,0,17529,10,1,7,3,53248,0,0,0,-1,0,-1,0,2
Tue Sep 03 14:34:30 091 BST 2019,0,0,0,2,3944,0,0,3943,2,0,0,3584,1536,0,17529,10,1,7,3,53248,0,0,0,-1,0,-1,0,2
Tue Sep 03 14:35:00 093 BST 2019,0,0,0,2,3947,0,0,3946,2,0,0,3584,1536,0,17529,10,1,7,3,53248,0,0,0,-1,0,-1,0,1
Tue Sep 03 14:35:30 096 BST 2019,0,0,0,2,3950,0,0,3949,2,0,0,3584,1536,0,17529,10,1,7,3,53248,0,0,0,-1,0,-1,0,1
Tue Sep 03 14:36:00 098 BST 2019,0,0,0,2,3953,0,0,3952,2,0,0,3584,1536,0,17529,10,1,7,3,53248,0,0,0,-1,0,-1,0,0
Tue Sep 03 14:36:30 102 BST 2019,0,0,0,2,3956,0,0,3955,2,0,0,3584,1536,0,17529,10,1,7,3,53248,0,0,0,-1,0,-1,0,2
Tue Sep 03 14:37:00 105 BST 2019,0,0,0,2,3959,0,0,3958,2,0,0,3584,1536,0,17529,10,1,7,3,53248,0,0,0,-1,0,-1,0,0
Tue Sep 03 14:37:30 106 BST 2019,0,0,0,2,3962,0,0,3961,2,0,0,3584,1536,0,17529,10,1,7,3,53248,0,0,0,-1,0,-1,0,0
Tue Sep 03 14:38:00 108 BST 2019,0,0,0,2,3965,0,0,3964,2,0,0,3584,1536,0,17529,10,1,7,3,53248,0,0,0,-1,0,-1,0,1
Tue Sep 03 14:38:30 111 BST 2019,0,0,0,2,3968,0,0,3967,2,0,0,3584,1536,0,17529,10,1,7,3,53248,0,0,0,-1,0,-1,0,0
Tue Sep 03 14:39:00 114 BST 2019,0,0,0,2,3971,0,0,3970,2,0,0,3584,1536,0,17529,10,1,7,3,53248,0,0,0,-1,0,-1,0,1
Tue Sep 03 14:39:30 118 BST 2019,0,1,0,2,3982,1,0,3981,2,0,0,3584,1536,0,18588,10,1,7,3,53248,0,244,0,-1,204,-1,0,2
Tue Sep 03 14:40:00 120 BST 2019,0,0,0,2,3985,0,0,3984,2,0,0,3584,1536,0,18588,10,1,7,3,53248,0,0,0,-1,0,-1,0,0
Tue Sep 03 14:40:30 120 BST 2019,0,0,0,2,3988,0,0,3987,2,0,0,3584,1536,0,18588,10,1,7,3,53248,0,0,0,-1,0,-1,0,0
Tue Sep 03 14:41:00 122 BST 2019,0,0,0,2,3991,0,0,3990,2,0,0,3584,1536,0,18588,10,1,7,3,53248,0,0,0,-1,0,-1,0,0
Tue Sep 03 14:41:30 126 BST 2019,0,0,0,2,3994,0,0,3993,2,0,0,3584,1536,0,18588,10,1,7,3,53248,0,0,0,-1,0,-1,0,2
Tue Sep 03 14:42:00 129 BST 2019,0,0,0,2,3997,0,0,3996,2,0,0,3584,1536,0,18588,10,1,7,3,53248,0,0,0,-1,0,-1,0,2
Tue Sep 03 14:42:30 132 BST 2019,0,0,0,2,4000,0,0,3999,2,0,0,3584,1536,0,18588,10,1,7,3,53248,0,0,0,-1,0,-1,0,0
Tue Sep 03 14:43:00 136 BST 2019,0,0,0,2,4003,0,0,4002,2,0,0,3584,1536,0,18588,10,1,7,3,53248,0,0,0,-1,0,-1,0,2
Tue Sep 03 14:43:30 139 BST 2019,0,0,0,2,4006,0,0,4005,2,0,0,3584,1536,0,18588,10,1,7,3,53248,0,0,0,-1,0,-1,0,2
Tue Sep 03 14:44:00 140 BST 2019,0,0,0,2,4009,0,0,4008,2,0,0,3584,1536,0,18588,10,1,7,3,53248,0,0,0,-1,0,-1,0,1
Tue Sep 03 14:44:30 142 BST 2019,0,0,0,2,4012,0,0,4011,2,0,0,3584,1536,0,18588,10,1,7,3,53248,0,0,0,-1,0,-1,0,0
Tue Sep 03 14:45:00 147 BST 2019,0,0,0,2,4015,0,0,4014,2,0,0,3584,1536,0,18588,10,1,7,3,53248,0,0,0,-1,0,-1,0,2
Tue Sep 03 14:45:30 151 BST 2019,0,0,0,2,4018,0,0,4017,2,0,0,3584,1536,0,18588,10,1,7,3,53248,0,0,0,-1,0,-1,0,2
Tue Sep 03 14:46:00 154 BST 2019,0,0,0,2,4021,0,0,4020,2,0,0,3584,1536,0,18588,10,1,7,3,53248,0,0,0,-1,0,-1,0,1
Tue Sep 03 14:46:30 156 BST 2019,0,0,0,2,4024,0,0,4023,2,0,0,3584,1536,0,18588,10,1,7,3,53248,0,0,0,-1,0,-1,0,1
Tue Sep 03 14:47:00 159 BST 2019,0,0,0,2,4027,0,0,4026,2,0,0,3584,1536,0,18588,10,1,7,3,53248,0,0,0,-1,0,-1,0,0
Tue Sep 03 14:47:30 162 BST 2019,0,0,0,2,4030,0,0,4029,2,0,0,3584,1536,0,18588,10,1,7,3,53248,0,0,0,-1,0,-1,0,2
Tue Sep 03 14:48:00 164 BST 2019,0,0,0,2,4033,0,0,4032,2,0,0,3584,1536,0,18588,10,1,7,3,53248,0,0,0,-1,0,-1,0,0
Tue Sep 03 14:48:30 167 BST 2019,0,0,0,2,4036,0,0,4035,2,0,0,3584,1536,0,18588,10,1,7,3,53248,0,0,0,-1,0,-1,0,2
Tue Sep 03 14:49:00 169 BST 2019,0,0,0,2,4039,0,0,4038,2,0,0,3584,1536,0,18588,10,1,7,3,53248,0,0,0,-1,0,-1,0,0
Tue Sep 03 14:49:30 170 BST 2019,0,0,0,2,4042,0,0,4041,2,0,0,3584,1536,0,18588,10,1,7,3,53248,0,0,0,-1,0,-1,0,0
Tue Sep 03 14:50:00 172 BST 2019,0,0,0,2,4045,0,0,4044,2,0,0,3584,1536,0,18588,10,1,7,3,53248,0,0,0,-1,0,-1,0,0
Tue Sep 03 14:50:30 176 BST 2019,0,0,0,2,4048,0,0,4047,2,0,0,3584,1536,0,18588,10,1,7,3,53248,0,0,0,-1,0,-1,0,2
Tue Sep 03 14:51:00 179 BST 2019,0,0,0,2,4051,0,0,4050,2,0,0,3584,1536,0,18588,10,1,7,3,53248,0,0,0,-1,0,-1,0,0
Tue Sep 03 14:51:30 180 BST 2019,0,0,0,2,4054,0,0,4053,2,0,0,3584,1536,0,18588,10,1,7,3,53248,0,0,0,-1,0,-1,0,0
Tue Sep 03 14:52:00 182 BST 2019,0,0,0,2,4057,0,0,4056,2,0,0,3584,1536,0,18588,10,1,7,3,53248,0,0,0,-1,0,-1,0,0
Tue Sep 03 14:52:30 190 BST 2019,0,0,0,3,4064,0,0,4063,4,0,0,3072,1536,0,23188,10,1,7,4,53248,0,0,0,-1,0,-1,0,7
Tue Sep 03 14:53:00 191 BST 2019,0,0,0,3,4067,0,0,4066,4,0,0,3072,1536,0,23188,10,1,7,4,53248,0,0,0,-1,0,-1,0,0
Tue Sep 03 14:53:30 192 BST 2019,0,0,0,3,4070,0,0,4069,4,0,0,3072,1536,0,23188,10,1,7,4,53248,0,0,0,-1,0,-1,0,0
Tue Sep 03 14:54:00 195 BST 2019,0,0,0,3,4073,0,0,4072,4,0,0,3072,1536,0,23188,10,1,7,4,53248,0,0,0,-1,0,-1,0,1
Tue Sep 03 14:54:30 197 BST 2019,0,0,0,3,4076,0,0,4075,4,0,0,3072,1536,0,23188,10,1,7,4,53248,0,0,0,-1,0,-1,0,1
Tue Sep 03 14:55:00 201 BST 2019,0,0,0,3,4079,0,0,4078,4,0,0,3072,1536,0,23188,10,1,7,4,53248,0,0,0,-1,0,-1,0,2
Tue Sep 03 14:55:30 204 BST 2019,0,0,0,3,4082,0,0,4081,4,0,0,3072,1536,0,23188,10,1,7,4,53248,0,0,0,-1,0,-1,0,2
Tue Sep 03 14:56:00 207 BST 2019,0,0,0,3,4085,0,0,4084,4,0,0,3072,1536,0,23188,10,1,7,4,53248,0,0,0,-1,0,-1,0,2
Tue Sep 03 14:56:30 209 BST 2019,0,0,0,3,4088,0,0,4087,4,0,0,3072,1536,0,23188,10,1,7,4,53248,0,0,0,-1,0,-1,0,0
Tue Sep 03 14:57:00 214 BST 2019,0,0,0,2,4092,0,0,4091,2,0,0,3072,1536,0,18423,10,1,7,3,53248,0,0,0,-1,0,-1,0,2
Tue Sep 03 14:57:30 216 BST 2019,0,0,0,2,4095,0,0,4094,2,0,0,3072,1536,0,18423,10,1,7,3,53248,0,0,0,-1,0,-1,0,0
Tue Sep 03 14:58:00 220 BST 2019,0,0,0,2,4098,0,0,4097,2,0,0,3072,1536,0,18423,10,1,7,3,53248,0,0,0,-1,0,-1,0,2
Tue Sep 03 14:58:30 223 BST 2019,0,0,0,2,4101,0,0,4100,2,0,0,3072,1536,0,18423,10,1,7,3,53248,0,0,0,-1,0,-1,0,2
Tue Sep 03 14:59:00 225 BST 2019,0,0,0,2,4104,0,0,4103,2,0,0,3072,1536,0,18423,10,1,7,3,53248,0,0,0,-1,0,-1,0,1
Tue Sep 03 14:59:30 230 BST 2019,0,0,0,2,4107,0,0,4106,2,0,0,3072,1536,0,18423,10,1,7,3,53248,0,0,0,-1,0,-1,0,2
Tue Sep 03 15:00:00 233 BST 2019,0,0,0,2,4110,0,0,4109,2,0,0,3072,1536,0,18423,10,1,7,3,53248,0,0,0,-1,0,-1,0,0
Tue Sep 03 15:00:30 236 BST 2019,0,0,0,2,4113,0,0,4112,2,0,0,3072,1536,0,18423,10,1,7,3,53248,0,0,0,-1,0,-1,0,2
Tue Sep 03 15:01:00 240 BST 2019,0,0,0,2,4116,0,0,4115,2,0,0,3072,1536,0,18423,10,1,7,3,53248,0,0,0,-1,0,-1,0,2
Tue Sep 03 15:01:30 245 BST 2019,0,0,0,2,4119,0,0,4118,2,0,0,3072,1536,0,18423,10,1,7,3,53248,0,0,0,-1,0,-1,0,2
Tue Sep 03 15:02:00 250 BST 2019,0,0,0,2,4122,0,0,4121,2,0,0,3072,1536,0,18423,10,1,7,3,53248,0,0,0,-1,0,-1,0,2
Tue Sep 03 15:02:30 254 BST 2019,0,0,0,2,4125,0,0,4124,2,0,0,3072,1536,0,18423,10,1,7,3,53248,0,0,0,-1,0,-1,0,2
Tue Sep 03 15:03:00 257 BST 2019,0,0,0,2,4128,0,0,4127,2,0,0,3072,1536,0,18423,10,1,7,3,53248,0,0,0,-1,0,-1,0,2
Tue Sep 03 15:03:30 258 BST 2019,0,0,0,2,4131,0,0,4130,2,0,0,3072,1536,0,18423,10,1,7,3,53248,0,0,0,-1,0,-1,0,1
Tue Sep 03 15:04:00 260 BST 2019,0,0,0,2,4134,0,0,4133,2,0,0,3072,1536,0,18423,10,1,7,3,53248,0,0,0,-1,0,-1,0,1
Tue Sep 03 15:04:30 263 BST 2019,0,0,0,2,4137,0,0,4136,2,0,0,3072,1536,0,18423,10,1,7,3,53248,0,0,0,-1,0,-1,0,0
Tue Sep 03 15:05:00 267 BST 2019,0,0,0,2,4140,0,0,4139,2,0,0,3072,1536,0,18423,10,1,7,3,53248,0,0,0,-1,0,-1,0,2
Tue Sep 03 15:05:30 270 BST 2019,0,0,0,2,4143,0,0,4142,2,0,0,3072,1536,0,18423,10,1,7,3,53248,0,0,0,-1,0,-1,0,2
Tue Sep 03 15:06:00 274 BST 2019,0,0,0,2,4146,0,0,4145,2,0,0,3072,1536,0,18423,10,1,7,3,53248,0,0,0,-1,0,-1,0,2
Tue Sep 03 15:06:30 275 BST 2019,0,0,0,2,4149,0,0,4148,2,0,0,3072,1536,0,18423,10,1,7,3,53248,0,0,0,-1,0,-1,0,0
Tue Sep 03 15:07:00 288 BST 2019,0,0,0,2,4152,0,0,4151,2,0,0,3072,1536,0,18423,10,1,7,3,53248,0,0,0,-1,0,-1,0,1
Tue Sep 03 15:07:30 290 BST 2019,0,0,0,2,4155,0,0,4154,2,0,0,3072,1536,0,18423,10,1,7,3,53248,0,0,0,-1,0,-1,0,0
Tue Sep 03 15:08:00 293 BST 2019,0,0,0,2,4158,0,0,4157,2,0,0,3072,1536,0,18423,10,1,7,3,53248,0,0,0,-1,0,-1,0,2
Tue Sep 03 15:08:30 296 BST 2019,0,0,0,2,4161,0,0,4160,2,0,0,3072,1536,0,18423,10,1,7,3,53248,0,0,0,-1,0,-1,0,1
Tue Sep 03 15:09:00 298 BST 2019,0,0,0,2,4164,0,0,4163,2,0,0,3072,1536,0,18423,10,1,7,3,53248,0,0,0,-1,0,-1,0,1
Tue Sep 03 15:09:30 301 BST 2019,0,0,0,2,4167,0,0,4166,2,0,0,3072,1536,0,18423,10,1,7,3,53248,0,0,0,-1,0,-1,0,2
Tue Sep 03 15:10:00 304 BST 2019,0,0,0,2,4170,0,0,4169,2,0,0,3072,1536,0,18423,10,1,7,3,53248,0,0,0,-1,0,-1,0,0
Tue Sep 03 15:10:30 307 BST 2019,0,0,0,2,4173,0,0,4172,2,0,0,3072,1536,0,18423,10,1,7,3,53248,0,0,0,-1,0,-1,0,2
Tue Sep 03 15:11:00 309 BST 2019,0,0,0,2,4176,0,0,4175,2,0,0,3072,1536,0,18423,10,1,7,3,53248,0,0,0,-1,0,-1,0,0
Tue Sep 03 15:11:30 311 BST 2019,0,0,0,2,4179,0,0,4178,2,0,0,3072,1536,0,18423,10,1,7,3,53248,0,0,0,-1,0,-1,0,1
Tue Sep 03 15:12:00 312 BST 2019,0,0,0,2,4182,0,0,4181,2,0,0,3072,1536,0,18423,10,1,7,3,53248,0,0,0,-1,0,-1,0,0
Tue Sep 03 15:12:30 316 BST 2019,0,0,0,2,4185,0,0,4184,2,0,0,3072,1536,0,18423,10,1,7,3,53248,0,0,0,-1,0,-1,0,2
Tue Sep 03 15:13:00 317 BST 2019,0,0,0,2,4188,0,0,4187,2,0,0,3072,1536,0,18423,10,1,7,3,53248,0,0,0,-1,0,-1,0,0
Tue Sep 03 15:13:30 318 BST 2019,0,0,0,2,4191,0,0,4190,2,0,0,3072,1536,0,18423,10,1,7,3,53248,0,0,0,-1,0,-1,0,0
Tue Sep 03 15:14:00 319 BST 2019,0,0,0,2,4194,0,0,4193,2,0,0,3072,1536,0,18423,10,1,7,3,53248,0,0,0,-1,0,-1,0,0
Tue Sep 03 15:14:30 324 BST 2019,0,0,0,2,4197,0,0,4196,2,0,0,3072,1536,0,18423,10,1,7,3,53248,0,0,0,-1,0,-1,0,2
Tue Sep 03 15:15:00 329 BST 2019,0,0,0,2,4200,0,0,4199,2,0,0,3072,1536,0,18423,10,1,7,3,53248,0,0,0,-1,0,-1,0,2
Tue Sep 03 15:15:30 334 BST 2019,0,0,0,2,4203,0,0,4202,2,0,0,3072,1536,0,18423,10,1,7,3,53248,0,0,0,-1,0,-1,0,2
Tue Sep 03 15:16:00 339 BST 2019,0,0,0,2,4206,0,0,4205,2,0,0,3072,1536,0,18423,10,1,7,3,53248,0,0,0,-1,0,-1,0,2
Tue Sep 03 15:16:30 343 BST 2019,0,0,0,2,4209,0,0,4208,2,0,0,3072,1536,0,18423,10,1,7,3,53248,0,0,0,-1,0,-1,0,2
Tue Sep 03 15:17:00 348 BST 2019,0,0,0,2,4212,0,0,4211,2,0,0,3072,1536,0,18423,10,1,7,3,53248,0,0,0,-1,0,-1,0,2
Tue Sep 03 15:17:30 351 BST 2019,0,0,0,2,4215,0,0,4214,2,0,0,3072,1536,0,18423,10,1,7,3,53248,0,0,0,-1,0,-1,0,0
Tue Sep 03 15:18:00 352 BST 2019,0,0,0,2,4218,0,0,4217,2,0,0,3072,1536,0,18423,10,1,7,3,53248,0,0,0,-1,0,-1,0,1
Tue Sep 03 15:18:30 355 BST 2019,0,0,0,2,4221,0,0,4220,2,0,0,3072,1536,0,18423,10,1,7,3,53248,0,0,0,-1,0,-1,0,1
Tue Sep 03 15:19:00 357 BST 2019,0,0,0,2,4224,0,0,4223,2,0,0,3072,1536,0,18423,10,1,7,3,53248,0,0,0,-1,0,-1,0,0
Tue Sep 03 15:19:30 360 BST 2019,0,0,0,2,4227,0,0,4226,2,0,0,3072,1536,0,18423,10,1,7,3,53248,0,0,0,-1,0,-1,0,2
Tue Sep 03 15:20:00 363 BST 2019,0,0,0,2,4230,0,0,4229,2,0,0,3072,1536,0,18423,10,1,7,3,53248,0,0,0,-1,0,-1,0,0
Tue Sep 03 15:20:30 367 BST 2019,0,0,0,2,4233,0,0,4232,2,0,0,3072,1536,0,18423,10,1,7,3,53248,0,0,0,-1,0,-1,0,2
Tue Sep 03 15:21:00 369 BST 2019,0,0,0,2,4236,0,0,4235,2,0,0,3072,1536,0,18423,10,1,7,3,53248,0,0,0,-1,0,-1,0,0
Tue Sep 03 15:21:30 370 BST 2019,0,0,0,2,4239,0,0,4238,2,0,0,3072,1536,0,18423,10,1,7,3,53248,0,0,0,-1,0,-1,0,0
Tue Sep 03 15:22:00 370 BST 2019,0,0,0,2,4242,0,0,4241,2,0,0,3072,1536,0,18423,10,1,7,3,53248,0,0,0,-1,0,-1,0,0
Tue Sep 03 15:22:30 375 BST 2019,0,0,0,2,4245,0,0,4244,2,0,0,3072,1536,0,18423,10,1,7,3,53248,0,0,0,-1,0,-1,0,2
Tue Sep 03 15:23:00 379 BST 2019,0,0,0,2,4248,0,0,4247,2,0,0,3072,1536,0,18423,10,1,7,3,53248,0,0,0,-1,0,-1,0,1
Tue Sep 03 15:23:30 381 BST 2019,0,0,0,2,4251,0,0,4250,2,0,0,3072,1536,0,18424,10,1,7,3,53248,0,0,0,-1,0,-1,0,1
Tue Sep 03 15:24:00 385 BST 2019,0,0,0,2,4254,0,0,4253,2,0,0,3072,1536,0,18424,10,1,7,3,53248,0,0,0,-1,0,-1,0,2
Tue Sep 03 15:24:30 387 BST 2019,0,0,0,2,4257,0,0,4256,2,0,0,3072,1536,0,18424,10,1,7,3,53248,0,0,0,-1,0,-1,0,0
Tue Sep 03 15:25:00 389 BST 2019,0,0,0,2,4260,0,0,4259,2,0,0,3072,1536,0,18424,10,1,7,3,53248,0,0,0,-1,0,-1,0,1
Tue Sep 03 15:25:30 390 BST 2019,0,0,0,2,4263,0,0,4262,2,0,0,3072,1536,0,18424,10,1,7,3,53248,0,0,0,-1,0,-1,0,0
Tue Sep 03 15:26:00 393 BST 2019,0,0,0,2,4266,0,0,4265,2,0,0,3072,1536,0,18424,10,1,7,3,53248,0,0,0,-1,0,-1,0,2
Tue Sep 03 15:26:30 397 BST 2019,0,0,0,2,4269,0,0,4268,2,0,0,3072,1536,0,18424,10,1,7,3,53248,0,0,0,-1,0,-1,0,2
Tue Sep 03 15:27:00 399 BST 2019,0,0,0,2,4272,0,0,4271,2,0,0,3072,1536,0,18424,10,1,7,3,53248,0,0,0,-1,0,-1,0,0
Tue Sep 03 15:27:30 401 BST 2019,0,0,0,2,4275,0,0,4274,2,0,0,3072,1536,0,18424,10,1,7,3,53248,0,0,0,-1,0,-1,0,2
Tue Sep 03 15:28:00 405 BST 2019,0,0,0,2,4278,0,0,4277,2,0,0,3072,1536,0,18424,10,1,7,3,53248,0,0,0,-1,0,-1,0,2
Tue Sep 03 15:28:30 410 BST 2019,0,0,0,2,4281,0,0,4280,2,0,0,3072,1536,0,18424,10,1,7,3,53248,0,0,0,-1,0,-1,0,3
