timestamp,durableCount,diskReadRate,msgMem,sessionCount,syncDBSize,asyncDBSize,diskWriteRate,topicCount,consumerCount,producerCount,queueCount,pendingMessageCount,largeDestCount,connectionCount,inboundMessageCount,pendingMessageSize,outboundMessageRate,outboundMessageCount,inboundMessageRate,msgMemPooled,inboundBytesRate,outboundBytesRate,diskReadOperationsRate,diskWriteOperationsRate,adminConnectionCount,clientConnectionCount,routeRecoverCount,RespTime
Mon Sep 02 11:41:56 064 BST 2019,0,0,13027,1,1536,3584,0,7,1,1,8,0,0,1,575,0,0,574,0,53248,0,0,0,0,-1,-1,0,3
Mon Sep 02 11:42:26 071 BST 2019,0,0,13027,1,1536,3584,0,7,1,1,8,0,0,1,589,0,0,588,0,53248,233,3810,0,0,-1,-1,0,2
Mon Sep 02 11:42:56 082 BST 2019,0,0,13027,1,1536,3584,0,7,1,1,9,0,0,1,597,0,0,596,0,53248,201,605,0,0,-1,-1,0,1
Mon Sep 02 11:43:26 083 BST 2019,0,0,13027,1,1536,3584,0,5,1,1,9,0,0,1,611,0,0,610,0,53248,0,0,0,0,-1,-1,0,0
Mon Sep 02 11:43:56 085 BST 2019,0,0,13027,1,1536,3584,0,5,1,1,9,0,0,1,614,0,0,613,0,53248,0,0,0,0,-1,-1,0,1
Mon Sep 02 11:44:26 090 BST 2019,0,0,13027,1,1536,3584,0,5,1,1,9,0,0,1,617,0,0,616,0,53248,0,0,0,0,-1,-1,0,3
Mon Sep 02 11:44:56 093 BST 2019,0,0,13027,1,1536,3584,0,5,1,1,9,0,0,1,620,0,0,619,0,53248,0,0,0,0,-1,-1,0,1
Mon Sep 02 11:45:26 095 BST 2019,0,0,13027,1,1536,3584,0,5,1,1,9,0,0,1,623,0,0,622,0,53248,0,0,0,0,-1,-1,0,1
Mon Sep 02 11:45:56 099 BST 2019,0,0,13027,1,1536,3584,0,5,1,1,9,0,0,1,626,0,0,625,0,53248,0,0,0,0,-1,-1,0,2
Mon Sep 02 11:46:26 102 BST 2019,0,0,13027,1,1536,3584,0,5,1,1,9,0,0,1,629,0,0,628,0,53248,0,0,0,0,-1,-1,0,1
Mon Sep 02 11:46:56 109 BST 2019,0,0,13027,1,1536,3584,0,5,1,1,9,0,0,1,632,0,0,631,0,53248,0,0,0,0,-1,-1,0,2
Mon Sep 02 11:47:26 124 BST 2019,0,0,13027,1,1536,3584,0,5,1,1,9,0,0,1,635,0,0,634,0,53248,0,0,0,0,-1,-1,0,0
Mon Sep 02 11:47:56 126 BST 2019,0,0,13027,1,1536,3584,0,5,1,1,9,0,0,1,638,0,0,637,0,53248,0,0,0,0,-1,-1,0,0
Mon Sep 02 11:48:26 134 BST 2019,0,0,13027,1,1536,3584,0,5,1,1,9,0,0,1,641,0,0,640,0,53248,0,0,0,0,-1,-1,0,2
Mon Sep 02 11:48:56 140 BST 2019,0,0,13027,1,1536,3584,0,5,1,1,9,0,0,1,644,0,0,643,0,53248,0,0,0,0,-1,-1,0,3
Mon Sep 02 11:49:26 144 BST 2019,0,0,13027,1,1536,3584,0,5,1,1,9,0,0,1,647,0,0,646,0,53248,0,0,0,0,-1,-1,0,1
Mon Sep 02 11:49:56 149 BST 2019,0,0,13028,1,1536,3584,0,5,1,1,9,0,0,1,650,0,0,649,0,53248,0,0,0,0,-1,-1,0,3
Mon Sep 02 11:50:26 155 BST 2019,0,0,13028,1,1536,3584,0,5,1,1,9,0,0,1,653,0,0,652,0,53248,0,0,0,0,-1,-1,0,2
Mon Sep 02 11:50:56 159 BST 2019,0,0,13028,1,1536,3584,0,5,1,1,9,0,0,1,656,0,0,655,0,53248,0,0,0,0,-1,-1,0,2
Mon Sep 02 11:51:26 164 BST 2019,0,0,13028,1,1536,3584,0,5,1,1,9,0,0,1,659,0,0,658,0,53248,0,0,0,0,-1,-1,0,1
Mon Sep 02 11:51:56 170 BST 2019,0,0,13028,1,1536,3584,0,5,1,1,9,0,0,1,662,0,0,661,0,53248,0,0,0,0,-1,-1,0,2
Mon Sep 02 11:52:26 177 BST 2019,0,0,13028,1,1536,3584,0,5,1,1,9,0,0,1,665,0,0,664,0,53248,0,0,0,0,-1,-1,0,2
Mon Sep 02 11:52:56 185 BST 2019,0,0,13028,1,1536,3584,0,5,1,1,9,0,0,1,668,0,0,667,0,53248,0,0,0,0,-1,-1,0,2
Mon Sep 02 11:53:26 192 BST 2019,0,0,13028,1,1536,3584,0,5,1,1,9,0,0,1,671,0,0,670,0,53248,0,0,0,0,-1,-1,0,2
Mon Sep 02 11:53:56 199 BST 2019,0,0,13028,1,1536,3584,0,5,1,1,9,0,0,1,674,0,0,673,0,53248,0,0,0,0,-1,-1,0,2
Mon Sep 02 11:54:26 206 BST 2019,0,0,13028,1,1536,3584,0,5,1,1,9,0,0,1,677,0,0,676,0,53248,0,0,0,0,-1,-1,0,1
Mon Sep 02 11:54:56 210 BST 2019,0,0,13028,1,1536,3584,0,5,1,1,9,0,0,1,680,0,0,679,0,53248,0,0,0,0,-1,-1,0,2
Mon Sep 02 11:55:26 215 BST 2019,0,0,13028,1,1536,3584,0,5,1,1,9,0,0,1,683,0,0,682,0,53248,0,0,0,0,-1,-1,0,2
Mon Sep 02 11:55:56 217 BST 2019,0,0,13028,1,1536,3584,0,5,1,1,9,0,0,1,686,0,0,685,0,53248,0,0,0,0,-1,-1,0,1
Mon Sep 02 11:56:26 223 BST 2019,0,0,13028,1,1536,3584,0,5,1,1,9,0,0,1,689,0,0,688,0,53248,0,0,0,0,-1,-1,0,2
Mon Sep 02 11:56:56 227 BST 2019,0,0,13028,1,1536,3584,0,5,1,1,9,0,0,1,692,0,0,691,0,53248,0,0,0,0,-1,-1,0,1
Mon Sep 02 11:57:26 236 BST 2019,0,0,13028,1,1536,3584,0,5,1,1,9,0,0,1,695,0,0,694,0,53248,0,0,0,0,-1,-1,0,2
Mon Sep 02 11:57:56 238 BST 2019,0,0,13028,1,1536,3584,0,5,1,1,9,0,0,1,698,0,0,697,0,53248,0,0,0,0,-1,-1,0,2
Mon Sep 02 11:58:26 242 BST 2019,0,0,13028,1,1536,3584,0,5,1,1,9,0,0,1,701,0,0,700,0,53248,0,0,0,0,-1,-1,0,1
Mon Sep 02 11:58:56 243 BST 2019,0,0,13028,1,1536,3584,0,5,1,1,9,0,0,1,704,0,0,703,0,53248,0,0,0,0,-1,-1,0,0
Mon Sep 02 11:59:26 247 BST 2019,0,0,13028,1,1536,3584,0,5,1,1,9,0,0,1,707,0,0,706,0,53248,0,0,0,0,-1,-1,0,1
Mon Sep 02 11:59:56 251 BST 2019,0,0,13028,1,1536,3584,0,5,1,1,9,0,0,1,710,0,0,709,0,53248,0,0,0,0,-1,-1,0,2
Mon Sep 02 12:00:26 255 BST 2019,0,0,13028,1,1536,3584,0,5,1,1,9,0,0,1,713,0,0,712,0,53248,0,0,0,0,-1,-1,0,2
Mon Sep 02 12:00:56 261 BST 2019,0,0,17692,2,1536,3584,0,5,2,1,9,0,0,2,716,0,0,715,0,53248,0,0,0,0,-1,-1,0,2
Mon Sep 02 12:01:26 296 BST 2019,0,0,18522,3,1536,4608,0,5,2,1,9,0,0,2,721,0,0,720,0,53248,0,0,0,0,-1,-1,0,33
Mon Sep 02 12:01:56 297 BST 2019,0,0,18522,3,1536,4608,0,5,2,1,9,0,0,2,724,0,0,723,0,53248,0,0,0,0,-1,-1,0,0
Mon Sep 02 12:02:26 305 BST 2019,0,0,18522,3,1536,4608,0,5,2,1,9,0,0,2,727,0,0,726,0,53248,0,0,0,0,-1,-1,0,0
Mon Sep 02 12:02:56 308 BST 2019,0,0,18522,3,1536,4608,0,5,2,1,9,0,0,2,730,0,0,729,0,53248,0,0,0,0,-1,-1,0,3
Mon Sep 02 12:03:26 320 BST 2019,0,0,12863,1,1536,4096,0,5,1,1,9,0,0,1,735,0,0,734,0,53248,0,0,0,0,-1,-1,0,10
Mon Sep 02 12:03:56 321 BST 2019,0,0,12863,1,1536,4096,0,5,1,1,9,0,0,1,740,0,0,739,0,53248,0,0,0,0,-1,-1,0,0
Mon Sep 02 12:04:26 328 BST 2019,0,0,18357,3,1536,4608,0,5,2,1,9,0,0,2,747,0,0,746,0,53248,0,0,0,0,-1,-1,0,5
Mon Sep 02 12:04:56 330 BST 2019,0,0,18357,3,1536,4608,0,5,2,1,9,0,0,2,750,0,0,749,0,53248,0,0,0,0,-1,-1,0,0
Mon Sep 02 12:05:26 332 BST 2019,0,0,18357,3,1536,4608,0,5,2,1,9,0,0,2,753,0,0,752,0,53248,0,0,0,0,-1,-1,0,1
Mon Sep 02 12:05:56 335 BST 2019,0,0,18357,3,1536,4608,0,5,2,1,9,0,0,2,756,0,0,755,0,53248,0,0,0,0,-1,-1,0,2
Mon Sep 02 12:06:26 337 BST 2019,0,0,12863,1,1536,4608,0,5,1,1,9,0,0,1,759,0,0,758,0,53248,0,0,0,0,-1,-1,0,0
Mon Sep 02 12:06:56 338 BST 2019,0,0,12863,1,1536,4608,0,5,1,1,9,0,0,1,762,0,0,761,0,53248,0,0,0,0,-1,-1,0,0
Mon Sep 02 12:07:26 339 BST 2019,0,0,12863,1,1536,4608,0,5,1,1,9,0,0,1,765,0,0,764,0,53248,0,0,0,0,-1,-1,0,0
Mon Sep 02 12:07:56 341 BST 2019,0,0,12863,1,1536,4608,0,5,1,1,9,0,0,1,768,0,0,767,0,53248,0,0,0,0,-1,-1,0,1
Mon Sep 02 12:08:26 342 BST 2019,0,0,12863,1,1536,4608,0,5,1,1,9,0,0,1,771,0,0,770,0,53248,0,0,0,0,-1,-1,0,0
Mon Sep 02 12:08:56 344 BST 2019,0,0,12863,1,1536,4608,0,5,1,1,9,0,0,1,774,0,0,773,0,53248,0,0,0,0,-1,-1,0,1
Mon Sep 02 12:09:26 345 BST 2019,0,0,12863,1,1536,4608,0,5,1,1,9,0,0,1,777,0,0,776,0,53248,0,0,0,0,-1,-1,0,0
Mon Sep 02 12:09:56 347 BST 2019,0,0,12863,1,1536,4608,0,5,1,1,9,0,0,1,780,0,0,779,0,53248,0,0,0,0,-1,-1,0,1
Mon Sep 02 12:10:26 349 BST 2019,0,0,12863,1,1536,4608,0,5,1,1,9,0,0,1,783,0,0,782,0,53248,0,0,0,0,-1,-1,0,1
Mon Sep 02 12:10:56 351 BST 2019,0,0,12863,1,1536,4608,0,5,1,1,9,0,0,1,786,0,0,785,0,53248,0,0,0,0,-1,-1,0,0
Mon Sep 02 12:11:26 353 BST 2019,0,0,12863,1,1536,4608,0,5,1,1,9,0,0,1,789,0,0,788,0,53248,0,0,0,0,-1,-1,0,1
Mon Sep 02 12:11:56 355 BST 2019,0,0,12863,1,1536,4608,0,5,1,1,9,0,0,1,792,0,0,791,0,53248,0,0,0,0,-1,-1,0,1
Mon Sep 02 12:12:26 357 BST 2019,0,0,12863,1,1536,4608,0,5,1,1,9,0,0,1,795,0,0,794,0,53248,0,0,0,0,-1,-1,0,1
Mon Sep 02 12:12:56 360 BST 2019,0,0,12863,1,1536,4608,0,5,1,1,9,0,0,1,798,0,0,797,0,53248,0,0,0,0,-1,-1,0,1
Mon Sep 02 12:13:26 365 BST 2019,0,0,12863,1,1536,4608,0,5,1,1,9,0,0,1,801,0,0,800,0,53248,0,0,0,0,-1,-1,0,3
Mon Sep 02 12:13:56 368 BST 2019,0,0,12863,1,1536,4608,0,5,1,1,9,0,0,1,804,0,0,803,0,53248,0,0,0,0,-1,-1,0,0
Mon Sep 02 12:14:26 369 BST 2019,0,0,12863,1,1536,4608,0,5,1,1,9,0,0,1,807,0,0,806,0,53248,0,0,0,0,-1,-1,0,0
Mon Sep 02 12:14:56 370 BST 2019,0,0,12863,1,1536,4608,0,5,1,1,9,0,0,1,810,0,0,809,0,53248,0,0,0,0,-1,-1,0,0
Mon Sep 02 12:15:26 372 BST 2019,0,0,12863,1,1536,4608,0,5,1,1,9,0,0,1,813,0,0,812,0,53248,0,0,0,0,-1,-1,0,0
Mon Sep 02 12:15:56 374 BST 2019,0,0,12863,1,1536,4608,0,5,1,1,9,0,0,1,816,0,0,815,0,53248,0,0,0,0,-1,-1,0,1
Mon Sep 02 12:16:26 378 BST 2019,0,0,12863,1,1536,4608,0,5,1,1,9,0,0,1,828,0,1,827,1,53248,235,4323,0,0,-1,-1,0,2
Mon Sep 02 12:16:56 382 BST 2019,0,0,12863,1,1536,4608,0,5,1,1,9,0,0,1,833,0,0,832,0,53248,0,0,0,0,-1,-1,0,2
Mon Sep 02 12:17:26 387 BST 2019,0,0,18357,3,1536,4096,1022,5,2,1,9,0,0,2,837,0,0,836,0,53248,0,0,0,1,-1,-1,0,3
Mon Sep 02 12:17:56 389 BST 2019,0,0,18357,3,1536,4096,0,5,2,1,9,0,0,2,840,0,0,839,0,53248,0,0,0,0,-1,-1,0,1
Mon Sep 02 12:18:26 394 BST 2019,0,0,18357,3,1536,4096,0,5,2,1,9,0,0,2,843,0,0,842,0,53248,0,0,0,0,-1,-1,0,2
Mon Sep 02 12:18:56 403 BST 2019,0,0,18522,3,1536,4608,1280,5,2,1,9,0,0,2,848,0,1,847,1,53248,117,117,0,2,-1,-1,0,8
Mon Sep 02 12:19:26 405 BST 2019,0,0,12863,1,1536,4608,0,5,1,1,9,0,0,1,853,0,0,852,0,53248,0,0,0,0,-1,-1,0,0
Mon Sep 02 12:19:56 406 BST 2019,0,0,12863,1,1536,4608,0,5,1,1,9,0,0,1,856,0,0,855,0,53248,0,0,0,0,-1,-1,0,0
Mon Sep 02 12:20:26 422 BST 2019,0,0,18357,3,1536,4096,0,5,2,1,9,0,0,2,861,0,0,860,0,53248,0,0,0,0,-1,-1,0,14
Mon Sep 02 12:20:56 426 BST 2019,0,0,18357,3,1536,4096,0,5,2,1,9,0,0,2,864,0,0,863,0,53248,0,0,0,0,-1,-1,0,2
Mon Sep 02 12:21:26 429 BST 2019,0,0,18357,3,1536,4096,0,5,2,1,9,0,0,2,867,0,0,866,0,53248,0,0,0,0,-1,-1,0,0
Mon Sep 02 12:21:56 432 BST 2019,0,0,18357,3,1536,4096,0,5,2,1,9,0,0,2,870,0,0,869,0,53248,0,0,0,0,-1,-1,0,2
Mon Sep 02 12:22:26 448 BST 2019,0,0,12863,1,1536,4608,0,5,1,1,9,0,0,1,875,0,0,874,0,53248,0,0,0,0,-1,-1,0,13
Mon Sep 02 12:22:56 452 BST 2019,0,0,12863,1,1536,4608,0,5,1,1,9,0,0,1,878,0,0,877,0,53248,0,0,0,0,-1,-1,0,2
Mon Sep 02 12:23:26 456 BST 2019,0,0,12863,1,1536,4608,0,5,1,1,9,0,0,1,881,0,0,880,0,53248,0,0,0,0,-1,-1,0,2
Mon Sep 02 12:23:56 460 BST 2019,0,0,12863,1,1536,4608,0,5,1,1,9,0,0,1,884,0,0,883,0,53248,0,0,0,0,-1,-1,0,1
Mon Sep 02 12:24:26 461 BST 2019,0,0,12863,1,1536,4608,0,5,1,1,9,0,0,1,887,0,0,886,0,53248,0,0,0,0,-1,-1,0,0
Mon Sep 02 12:24:56 476 BST 2019,0,0,18357,3,1536,4096,0,5,2,1,9,0,0,2,892,0,0,891,0,53248,0,0,0,0,-1,-1,0,13
Mon Sep 02 12:25:26 510 BST 2019,0,0,18522,3,1536,4608,0,5,2,1,9,0,0,2,897,0,0,896,0,53248,0,0,0,0,-1,-1,0,33
Mon Sep 02 12:25:56 515 BST 2019,0,0,18522,3,1536,4608,0,5,2,1,9,0,0,2,900,0,0,899,0,53248,0,0,0,0,-1,-1,0,2
Mon Sep 02 12:26:26 518 BST 2019,0,0,18522,3,1536,4608,0,5,2,1,9,0,0,2,903,0,0,902,0,53248,0,0,0,0,-1,-1,0,0
Mon Sep 02 12:26:56 519 BST 2019,0,0,18522,3,1536,4608,0,5,2,1,9,0,0,2,906,0,0,905,0,53248,0,0,0,0,-1,-1,0,0
Mon Sep 02 12:27:26 522 BST 2019,0,0,18522,3,1536,4608,0,5,2,1,9,0,0,2,909,0,0,908,0,53248,0,0,0,0,-1,-1,0,1
Mon Sep 02 12:27:56 523 BST 2019,0,0,18522,3,1536,4608,0,5,2,1,9,0,0,2,912,0,0,911,0,53248,0,0,0,0,-1,-1,0,0
Mon Sep 02 12:28:26 526 BST 2019,0,0,18522,3,1536,4608,0,5,2,1,9,0,0,2,915,0,0,914,0,53248,0,0,0,0,-1,-1,0,2
Mon Sep 02 12:28:56 528 BST 2019,0,0,18522,3,1536,4608,0,5,2,1,9,0,0,2,918,0,0,917,0,53248,0,0,0,0,-1,-1,0,1
Mon Sep 02 12:29:26 532 BST 2019,0,0,18522,3,1536,4608,0,5,2,1,9,0,0,2,921,0,0,920,0,53248,0,0,0,0,-1,-1,0,2
Mon Sep 02 12:29:56 536 BST 2019,0,0,18522,3,1536,4608,0,5,2,1,9,0,0,2,924,0,0,923,0,53248,0,0,0,0,-1,-1,0,2
Mon Sep 02 12:30:26 540 BST 2019,0,0,18522,3,1536,4608,0,5,2,1,9,0,0,2,927,0,0,926,0,53248,0,0,0,0,-1,-1,0,2
Mon Sep 02 12:30:56 544 BST 2019,0,0,18522,3,1536,4608,0,5,2,1,9,0,0,2,930,0,0,929,0,53248,0,0,0,0,-1,-1,0,2
Mon Sep 02 12:31:26 549 BST 2019,0,0,18522,3,1536,4608,0,5,2,1,9,0,0,2,933,0,0,932,0,53248,0,0,0,0,-1,-1,0,2
Mon Sep 02 12:31:56 552 BST 2019,0,0,18522,3,1536,4608,0,5,2,1,9,0,0,2,936,0,0,935,0,53248,0,0,0,0,-1,-1,0,1
Mon Sep 02 12:32:26 555 BST 2019,0,0,18522,3,1536,4608,0,5,2,1,9,0,0,2,939,0,0,938,0,53248,0,0,0,0,-1,-1,0,2
Mon Sep 02 12:32:56 560 BST 2019,0,0,18522,3,1536,4608,0,5,2,1,9,0,0,2,942,0,0,941,0,53248,0,0,0,0,-1,-1,0,2
Mon Sep 02 12:33:26 564 BST 2019,0,0,18522,3,1536,4608,0,5,2,1,9,0,0,2,945,0,0,944,0,53248,0,0,0,0,-1,-1,0,2
Mon Sep 02 12:33:56 568 BST 2019,0,0,18522,3,1536,4608,0,5,2,1,9,0,0,2,948,0,0,947,0,53248,0,0,0,0,-1,-1,0,2
Mon Sep 02 12:34:26 573 BST 2019,0,0,18522,3,1536,4608,0,5,2,1,9,0,0,2,951,0,0,950,0,53248,0,0,0,0,-1,-1,0,2
Mon Sep 02 12:34:56 577 BST 2019,0,0,18522,3,1536,4608,0,5,2,1,9,0,0,2,954,0,0,953,0,53248,0,0,0,0,-1,-1,0,2
Mon Sep 02 12:35:26 581 BST 2019,0,0,18522,3,1536,4608,0,5,2,1,9,0,0,2,957,0,0,956,0,53248,0,0,0,0,-1,-1,0,2
Mon Sep 02 12:35:56 585 BST 2019,0,0,18522,3,1536,4608,0,5,2,1,9,0,0,2,960,0,0,959,0,53248,0,0,0,0,-1,-1,0,2
Mon Sep 02 12:36:26 588 BST 2019,0,0,18522,3,1536,4608,0,5,2,1,9,0,0,2,963,0,0,962,0,53248,0,0,0,0,-1,-1,0,2
Mon Sep 02 12:36:56 592 BST 2019,0,0,18522,3,1536,4608,0,5,2,1,9,0,0,2,966,0,0,965,0,53248,0,0,0,0,-1,-1,0,2
Mon Sep 02 12:37:26 596 BST 2019,0,0,18522,3,1536,4608,0,5,2,1,9,0,0,2,969,0,0,968,0,53248,0,0,0,0,-1,-1,0,2
Mon Sep 02 12:37:56 600 BST 2019,0,0,18522,3,1536,4608,0,5,2,1,9,0,0,2,972,0,0,971,0,53248,0,0,0,0,-1,-1,0,2
Mon Sep 02 12:38:26 603 BST 2019,0,0,18522,3,1536,4608,0,5,2,1,9,0,0,2,975,0,0,974,0,53248,0,0,0,0,-1,-1,0,2
Mon Sep 02 12:38:56 608 BST 2019,0,0,18522,3,1536,4608,0,5,2,1,9,0,0,2,978,0,0,977,0,53248,0,0,0,0,-1,-1,0,2
Mon Sep 02 12:39:26 612 BST 2019,0,0,18522,3,1536,4608,0,5,2,1,9,0,0,2,981,0,0,980,0,53248,0,0,0,0,-1,-1,0,2
Mon Sep 02 12:39:56 616 BST 2019,0,0,18522,3,1536,4608,0,5,2,1,9,0,0,2,984,0,0,983,0,53248,0,0,0,0,-1,-1,0,2
Mon Sep 02 12:40:26 620 BST 2019,0,0,18522,3,1536,4608,0,5,2,1,9,0,0,2,987,0,0,986,0,53248,0,0,0,0,-1,-1,0,2
Mon Sep 02 12:40:56 624 BST 2019,0,0,18522,3,1536,4608,0,5,2,1,9,0,0,2,990,0,0,989,0,53248,0,0,0,0,-1,-1,0,2
Mon Sep 02 12:41:26 625 BST 2019,0,0,18522,3,1536,4608,0,5,2,1,9,0,0,2,993,0,0,992,0,53248,0,0,0,0,-1,-1,0,0
Mon Sep 02 12:41:56 628 BST 2019,0,0,18522,3,1536,4608,0,5,2,1,9,0,0,2,996,0,0,995,0,53248,0,0,0,0,-1,-1,0,2
Mon Sep 02 12:42:26 632 BST 2019,0,0,18522,3,1536,4608,0,5,2,1,9,0,0,2,999,0,0,998,0,53248,0,0,0,0,-1,-1,0,2
Mon Sep 02 12:42:56 635 BST 2019,0,0,18522,3,1536,4608,0,5,2,1,9,0,0,2,1002,0,0,1001,0,53248,0,0,0,0,-1,-1,0,2
Mon Sep 02 12:43:26 640 BST 2019,0,0,18522,3,1536,4608,0,5,2,1,9,0,0,2,1005,0,0,1004,0,53248,0,0,0,0,-1,-1,0,2
Mon Sep 02 12:43:56 643 BST 2019,0,0,18522,3,1536,4608,0,5,2,1,9,0,0,2,1008,0,0,1007,0,53248,0,0,0,0,-1,-1,0,2
Mon Sep 02 12:44:26 648 BST 2019,0,0,18522,3,1536,4608,0,5,2,1,9,0,0,2,1011,0,0,1010,0,53248,0,0,0,0,-1,-1,0,2
Mon Sep 02 12:44:56 652 BST 2019,0,0,18522,3,1536,4608,0,5,2,1,9,0,0,2,1014,0,0,1013,0,53248,0,0,0,0,-1,-1,0,2
Mon Sep 02 12:45:26 656 BST 2019,0,0,18522,3,1536,4608,0,5,2,1,9,0,0,2,1017,0,0,1016,0,53248,0,0,0,0,-1,-1,0,2
Mon Sep 02 12:45:56 661 BST 2019,0,0,18522,3,1536,4608,0,5,2,1,9,0,0,2,1020,0,0,1019,0,53248,0,0,0,0,-1,-1,0,2
Mon Sep 02 12:46:26 665 BST 2019,0,0,18522,3,1536,4608,0,5,2,1,9,0,0,2,1023,0,0,1022,0,53248,0,0,0,0,-1,-1,0,2
Mon Sep 02 12:46:56 669 BST 2019,0,0,18522,3,1536,4608,0,5,2,1,9,0,0,2,1026,0,0,1025,0,53248,0,0,0,0,-1,-1,0,2
Mon Sep 02 12:47:26 673 BST 2019,0,0,18522,3,1536,4608,0,5,2,1,9,0,0,2,1029,0,0,1028,0,53248,0,0,0,0,-1,-1,0,2
Mon Sep 02 12:47:56 677 BST 2019,0,0,18522,3,1536,4608,0,5,2,1,9,0,0,2,1032,0,0,1031,0,53248,0,0,0,0,-1,-1,0,2
Mon Sep 02 12:48:26 681 BST 2019,0,0,18522,3,1536,4608,0,5,2,1,9,0,0,2,1035,0,0,1034,0,53248,0,0,0,0,-1,-1,0,2
Mon Sep 02 12:48:56 684 BST 2019,0,0,18522,3,1536,4608,0,5,2,1,9,0,0,2,1038,0,0,1037,0,53248,0,0,0,0,-1,-1,0,2
Mon Sep 02 12:49:26 687 BST 2019,0,0,18522,3,1536,4608,0,5,2,1,9,0,0,2,1041,0,0,1040,0,53248,0,0,0,0,-1,-1,0,2
Mon Sep 02 12:49:56 690 BST 2019,0,0,18522,3,1536,4608,0,5,2,1,9,0,0,2,1044,0,0,1043,0,53248,0,0,0,0,-1,-1,0,2
Mon Sep 02 12:50:26 694 BST 2019,0,0,18522,3,1536,4608,0,5,2,1,9,0,0,2,1047,0,0,1046,0,53248,0,0,0,0,-1,-1,0,2
Mon Sep 02 12:50:56 698 BST 2019,0,0,18522,3,1536,4608,0,5,2,1,9,0,0,2,1050,0,0,1049,0,53248,0,0,0,0,-1,-1,0,2
Mon Sep 02 12:51:26 701 BST 2019,0,0,18522,3,1536,4608,0,5,2,1,9,0,0,2,1053,0,0,1052,0,53248,0,0,0,0,-1,-1,0,2
Mon Sep 02 12:51:56 703 BST 2019,0,0,18522,3,1536,4608,0,5,2,1,9,0,0,2,1056,0,0,1055,0,53248,0,0,0,0,-1,-1,0,0
Mon Sep 02 12:52:26 706 BST 2019,0,0,18522,3,1536,4608,0,5,2,1,9,0,0,2,1059,0,0,1058,0,53248,0,0,0,0,-1,-1,0,2
Mon Sep 02 12:52:56 709 BST 2019,0,0,18522,3,1536,4608,0,5,2,1,9,0,0,2,1062,0,0,1061,0,53248,0,0,0,0,-1,-1,0,2
Mon Sep 02 12:53:26 713 BST 2019,0,0,18522,3,1536,4608,0,5,2,1,9,0,0,2,1065,0,0,1064,0,53248,0,0,0,0,-1,-1,0,2
Mon Sep 02 12:53:56 718 BST 2019,0,0,18522,3,1536,4608,0,5,2,1,9,0,0,2,1068,0,0,1067,0,53248,0,0,0,0,-1,-1,0,2
Mon Sep 02 12:54:26 722 BST 2019,0,0,18522,3,1536,4608,0,5,2,1,9,0,0,2,1071,0,0,1070,0,53248,0,0,0,0,-1,-1,0,2
Mon Sep 02 12:54:56 725 BST 2019,0,0,18522,3,1536,4608,0,5,2,1,9,0,0,2,1074,0,0,1073,0,53248,0,0,0,0,-1,-1,0,2
Mon Sep 02 12:55:26 728 BST 2019,0,0,18522,3,1536,4608,0,5,2,1,9,0,0,2,1077,0,0,1076,0,53248,0,0,0,0,-1,-1,0,2
Mon Sep 02 12:55:56 730 BST 2019,0,0,18522,3,1536,4608,0,5,2,1,9,0,0,2,1080,0,0,1079,0,53248,0,0,0,0,-1,-1,0,1
Mon Sep 02 12:56:26 733 BST 2019,0,0,18522,3,1536,4608,0,5,2,1,9,0,0,2,1083,0,0,1082,0,53248,0,0,0,0,-1,-1,0,2
Mon Sep 02 12:56:56 736 BST 2019,0,0,18522,3,1536,4608,0,5,2,1,9,0,0,2,1086,0,0,1085,0,53248,0,0,0,0,-1,-1,0,2
Mon Sep 02 12:57:26 740 BST 2019,0,0,18522,3,1536,4608,0,5,2,1,9,0,0,2,1089,0,0,1088,0,53248,0,0,0,0,-1,-1,0,2
Mon Sep 02 12:57:56 743 BST 2019,0,0,18522,3,1536,4608,0,5,2,1,9,0,0,2,1092,0,0,1091,0,53248,0,0,0,0,-1,-1,0,2
Mon Sep 02 12:58:26 747 BST 2019,0,0,18522,3,1536,4608,0,5,2,1,9,0,0,2,1095,0,0,1094,0,53248,0,0,0,0,-1,-1,0,2
Mon Sep 02 12:58:56 750 BST 2019,0,0,18522,3,1536,4608,0,5,2,1,9,0,0,2,1098,0,0,1097,0,53248,0,0,0,0,-1,-1,0,2
Mon Sep 02 12:59:26 753 BST 2019,0,0,18522,3,1536,4608,0,5,2,1,9,0,0,2,1101,0,0,1100,0,53248,0,0,0,0,-1,-1,0,2
Mon Sep 02 12:59:56 755 BST 2019,0,0,18522,3,1536,4608,0,5,2,1,9,0,0,2,1104,0,0,1103,0,53248,0,0,0,0,-1,-1,0,0
Mon Sep 02 13:00:26 759 BST 2019,0,0,18522,3,1536,4608,0,5,2,1,9,0,0,2,1107,0,0,1106,0,53248,0,0,0,0,-1,-1,0,2
Mon Sep 02 13:00:56 763 BST 2019,0,0,18522,3,1536,4608,0,5,2,1,9,0,0,2,1110,0,0,1109,0,53248,0,0,0,0,-1,-1,0,2
Mon Sep 02 13:01:26 765 BST 2019,0,0,18522,3,1536,4608,0,5,2,1,9,0,0,2,1113,0,0,1112,0,53248,0,0,0,0,-1,-1,0,1
Mon Sep 02 13:01:56 769 BST 2019,0,0,18522,3,1536,4608,0,5,2,1,9,0,0,2,1116,0,0,1115,0,53248,0,0,0,0,-1,-1,0,2
Mon Sep 02 13:02:26 772 BST 2019,0,0,18522,3,1536,4608,0,5,2,1,9,0,0,2,1119,0,0,1118,0,53248,0,0,0,0,-1,-1,0,2
Mon Sep 02 13:02:56 776 BST 2019,0,0,18522,3,1536,4608,0,5,2,1,9,0,0,2,1122,0,0,1121,0,53248,0,0,0,0,-1,-1,0,2
Mon Sep 02 13:03:26 779 BST 2019,0,0,18522,3,1536,4608,0,5,2,1,9,0,0,2,1125,0,0,1124,0,53248,0,0,0,0,-1,-1,0,0
Mon Sep 02 13:03:56 779 BST 2019,0,0,18522,3,1536,4608,0,5,2,1,9,0,0,2,1128,0,0,1127,0,53248,0,0,0,0,-1,-1,0,0
Mon Sep 02 13:04:26 784 BST 2019,0,0,18522,3,1536,4608,0,5,2,1,9,0,0,2,1131,0,0,1130,0,53248,0,0,0,0,-1,-1,0,2
Mon Sep 02 13:04:56 785 BST 2019,0,0,18522,3,1536,4608,0,5,2,1,9,0,0,2,1134,0,0,1133,0,53248,0,0,0,0,-1,-1,0,1
Mon Sep 02 13:05:26 789 BST 2019,0,0,18522,3,1536,4608,0,5,2,1,9,0,0,2,1137,0,0,1136,0,53248,0,0,0,0,-1,-1,0,2
Mon Sep 02 13:05:56 792 BST 2019,0,0,18522,3,1536,4608,0,5,2,1,9,0,0,2,1140,0,0,1139,0,53248,0,0,0,0,-1,-1,0,2
Mon Sep 02 13:06:26 796 BST 2019,0,0,18522,3,1536,4608,0,5,2,1,9,0,0,2,1143,0,0,1142,0,53248,0,0,0,0,-1,-1,0,2
Mon Sep 02 13:06:56 800 BST 2019,0,0,18522,3,1536,4608,0,5,2,1,9,0,0,2,1146,0,0,1145,0,53248,0,0,0,0,-1,-1,0,2
Mon Sep 02 13:07:26 803 BST 2019,0,0,18522,3,1536,4608,0,5,2,1,9,0,0,2,1149,0,0,1148,0,53248,0,0,0,0,-1,-1,0,2
Mon Sep 02 13:07:56 804 BST 2019,0,0,18522,3,1536,4608,0,5,2,1,9,0,0,2,1152,0,0,1151,0,53248,0,0,0,0,-1,-1,0,0
Mon Sep 02 13:08:26 807 BST 2019,0,0,18522,3,1536,4608,0,5,2,1,9,0,0,2,1155,0,0,1154,0,53248,0,0,0,0,-1,-1,0,2
Mon Sep 02 13:08:56 810 BST 2019,0,0,18522,3,1536,4608,0,5,2,1,9,0,0,2,1158,0,0,1157,0,53248,0,0,0,0,-1,-1,0,2
Mon Sep 02 13:09:26 813 BST 2019,0,0,18522,3,1536,4608,0,5,2,1,9,0,0,2,1161,0,0,1160,0,53248,0,0,0,0,-1,-1,0,2
Mon Sep 02 13:09:56 817 BST 2019,0,0,18522,3,1536,4608,0,5,2,1,9,0,0,2,1164,0,0,1163,0,53248,0,0,0,0,-1,-1,0,2
Mon Sep 02 13:10:26 820 BST 2019,0,0,18522,3,1536,4608,0,5,2,1,9,0,0,2,1167,0,0,1166,0,53248,0,0,0,0,-1,-1,0,2
Mon Sep 02 13:10:56 824 BST 2019,0,0,18522,3,1536,4608,0,5,2,1,9,0,0,2,1170,0,0,1169,0,53248,0,0,0,0,-1,-1,0,2
Mon Sep 02 13:11:26 827 BST 2019,0,0,18522,3,1536,4608,0,5,2,1,9,0,0,2,1173,0,0,1172,0,53248,0,0,0,0,-1,-1,0,2
Mon Sep 02 13:11:56 828 BST 2019,0,0,18522,3,1536,4608,0,5,2,1,9,0,0,2,1176,0,0,1175,0,53248,0,0,0,0,-1,-1,0,0
Mon Sep 02 13:12:26 832 BST 2019,0,0,18522,3,1536,4608,0,5,2,1,9,0,0,2,1179,0,0,1178,0,53248,0,0,0,0,-1,-1,0,2
Mon Sep 02 13:12:56 836 BST 2019,0,0,18522,3,1536,4608,0,5,2,1,9,0,0,2,1182,0,0,1181,0,53248,0,0,0,0,-1,-1,0,2
Mon Sep 02 13:13:26 840 BST 2019,0,0,18522,3,1536,4608,0,5,2,1,9,0,0,2,1185,0,0,1184,0,53248,0,0,0,0,-1,-1,0,2
Mon Sep 02 13:13:56 843 BST 2019,0,0,18522,3,1536,4608,0,5,2,1,9,0,0,2,1188,0,0,1187,0,53248,0,0,0,0,-1,-1,0,2
Mon Sep 02 13:14:26 848 BST 2019,0,0,18522,3,1536,4608,0,5,2,1,9,0,0,2,1191,0,0,1190,0,53248,0,0,0,0,-1,-1,0,2
Mon Sep 02 13:14:56 852 BST 2019,0,0,18522,3,1536,4608,0,5,2,1,9,0,0,2,1194,0,0,1193,0,53248,0,0,0,0,-1,-1,0,2
Mon Sep 02 13:15:26 855 BST 2019,0,0,18522,3,1536,4608,0,5,2,1,9,0,0,2,1197,0,0,1196,0,53248,0,0,0,0,-1,-1,0,2
Mon Sep 02 13:15:56 857 BST 2019,0,0,18522,3,1536,4608,0,5,2,1,9,0,0,2,1200,0,0,1199,0,53248,0,0,0,0,-1,-1,0,0
Mon Sep 02 13:16:26 860 BST 2019,0,0,18522,3,1536,4608,0,5,2,1,9,0,0,2,1203,0,0,1202,0,53248,0,0,0,0,-1,-1,0,2
Mon Sep 02 13:16:56 865 BST 2019,0,0,18522,3,1536,4608,0,5,2,1,9,0,0,2,1206,0,0,1205,0,53248,0,0,0,0,-1,-1,0,2
Mon Sep 02 13:17:26 868 BST 2019,0,0,18522,3,1536,4608,0,5,2,1,9,0,0,2,1209,0,0,1208,0,53248,0,0,0,0,-1,-1,0,2
Mon Sep 02 13:17:56 871 BST 2019,0,0,18522,3,1536,4608,0,5,2,1,9,0,0,2,1212,0,0,1211,0,53248,0,0,0,0,-1,-1,0,0
Mon Sep 02 13:18:26 874 BST 2019,0,0,18522,3,1536,4608,0,5,2,1,9,0,0,2,1215,0,0,1214,0,53248,0,0,0,0,-1,-1,0,2
Mon Sep 02 13:18:56 877 BST 2019,0,0,18522,3,1536,4608,0,5,2,1,9,0,0,2,1218,0,0,1217,0,53248,0,0,0,0,-1,-1,0,2
Mon Sep 02 13:19:26 881 BST 2019,0,0,18522,3,1536,4608,0,5,2,1,9,0,0,2,1221,0,0,1220,0,53248,0,0,0,0,-1,-1,0,2
Mon Sep 02 13:19:56 883 BST 2019,0,0,18522,3,1536,4608,0,5,2,1,9,0,0,2,1224,0,0,1223,0,53248,0,0,0,0,-1,-1,0,0
Mon Sep 02 13:20:26 886 BST 2019,0,0,18522,3,1536,4608,0,5,2,1,9,0,0,2,1227,0,0,1226,0,53248,0,0,0,0,-1,-1,0,2
Mon Sep 02 13:20:56 889 BST 2019,0,0,18522,3,1536,4608,0,5,2,1,9,0,0,2,1230,0,0,1229,0,53248,0,0,0,0,-1,-1,0,2
Mon Sep 02 13:21:26 892 BST 2019,0,0,18522,3,1536,4608,0,5,2,1,9,0,0,2,1233,0,0,1232,0,53248,0,0,0,0,-1,-1,0,2
Mon Sep 02 13:21:56 895 BST 2019,0,0,18522,3,1536,4608,0,5,2,1,9,0,0,2,1236,0,0,1235,0,53248,0,0,0,0,-1,-1,0,2
Mon Sep 02 13:22:26 898 BST 2019,0,0,18522,3,1536,4608,0,5,2,1,9,0,0,2,1239,0,0,1238,0,53248,0,0,0,0,-1,-1,0,2
Mon Sep 02 13:22:56 902 BST 2019,0,0,18522,3,1536,4608,0,5,2,1,9,0,0,2,1242,0,0,1241,0,53248,0,0,0,0,-1,-1,0,2
Mon Sep 02 13:23:26 905 BST 2019,0,0,18522,3,1536,4608,0,5,2,1,9,0,0,2,1245,0,0,1244,0,53248,0,0,0,0,-1,-1,0,2
Mon Sep 02 13:23:56 905 BST 2019,0,0,18522,3,1536,4608,0,5,2,1,9,0,0,2,1248,0,0,1247,0,53248,0,0,0,0,-1,-1,0,0
Mon Sep 02 13:24:26 907 BST 2019,0,0,18522,3,1536,4608,0,5,2,1,9,0,0,2,1251,0,0,1250,0,53248,0,0,0,0,-1,-1,0,0
Mon Sep 02 13:24:56 909 BST 2019,0,0,18522,3,1536,4608,0,5,2,1,9,0,0,2,1254,0,0,1253,0,53248,0,0,0,0,-1,-1,0,0
Mon Sep 02 13:25:26 911 BST 2019,0,0,18522,3,1536,4608,0,5,2,1,9,0,0,2,1257,0,0,1256,0,53248,0,0,0,0,-1,-1,0,0
Mon Sep 02 13:25:56 913 BST 2019,0,0,18522,3,1536,4608,0,5,2,1,9,0,0,2,1260,0,0,1259,0,53248,0,0,0,0,-1,-1,0,0
Mon Sep 02 13:26:26 915 BST 2019,0,0,18522,3,1536,4608,0,5,2,1,9,0,0,2,1263,0,0,1262,0,53248,0,0,0,0,-1,-1,0,0
Mon Sep 02 13:26:56 916 BST 2019,0,0,18522,3,1536,4608,0,5,2,1,9,0,0,2,1266,0,0,1265,0,53248,0,0,0,0,-1,-1,0,0
Mon Sep 02 13:27:26 917 BST 2019,0,0,18522,3,1536,4608,0,5,2,1,9,0,0,2,1269,0,0,1268,0,53248,0,0,0,0,-1,-1,0,0
Mon Sep 02 13:27:56 919 BST 2019,0,0,18522,3,1536,4608,0,5,2,1,9,0,0,2,1272,0,0,1271,0,53248,0,0,0,0,-1,-1,0,0
Mon Sep 02 13:28:26 921 BST 2019,0,0,18522,3,1536,4608,0,5,2,1,9,0,0,2,1275,0,0,1274,0,53248,0,0,0,0,-1,-1,0,0
Mon Sep 02 13:28:56 922 BST 2019,0,0,18522,3,1536,4608,0,5,2,1,9,0,0,2,1278,0,0,1277,0,53248,0,0,0,0,-1,-1,0,0
Mon Sep 02 13:29:26 924 BST 2019,0,0,18522,3,1536,4608,0,5,2,1,9,0,0,2,1281,0,0,1280,0,53248,0,0,0,0,-1,-1,0,0
Mon Sep 02 13:29:56 926 BST 2019,0,0,18522,3,1536,4608,0,5,2,1,9,0,0,2,1284,0,0,1283,0,53248,0,0,0,0,-1,-1,0,0
Mon Sep 02 13:30:26 928 BST 2019,0,0,18522,3,1536,4608,0,5,2,1,9,0,0,2,1287,0,0,1286,0,53248,0,0,0,0,-1,-1,0,1
Mon Sep 02 13:30:56 930 BST 2019,0,0,18522,3,1536,4608,0,5,2,1,9,0,0,2,1290,0,0,1289,0,53248,0,0,0,0,-1,-1,0,0
Mon Sep 02 13:31:26 931 BST 2019,0,0,18522,3,1536,4608,0,5,2,1,9,0,0,2,1293,0,0,1292,0,53248,0,0,0,0,-1,-1,0,0
Mon Sep 02 13:31:56 933 BST 2019,0,0,18522,3,1536,4608,0,5,2,1,9,0,0,2,1296,0,0,1295,0,53248,0,0,0,0,-1,-1,0,0
Mon Sep 02 13:32:26 935 BST 2019,0,0,18522,3,1536,4608,0,5,2,1,9,0,0,2,1299,0,0,1298,0,53248,0,0,0,0,-1,-1,0,0
Mon Sep 02 13:32:56 937 BST 2019,0,0,18522,3,1536,4608,0,5,2,1,9,0,0,2,1302,0,0,1301,0,53248,0,0,0,0,-1,-1,0,0
Mon Sep 02 13:33:26 938 BST 2019,0,0,18522,3,1536,4608,0,5,2,1,9,0,0,2,1305,0,0,1304,0,53248,0,0,0,0,-1,-1,0,0
Mon Sep 02 13:33:56 940 BST 2019,0,0,18522,3,1536,4608,0,5,2,1,9,0,0,2,1308,0,0,1307,0,53248,0,0,0,0,-1,-1,0,0
Mon Sep 02 13:34:26 942 BST 2019,0,0,18522,3,1536,4608,0,5,2,1,9,0,0,2,1311,0,0,1310,0,53248,0,0,0,0,-1,-1,0,0
Mon Sep 02 13:34:56 943 BST 2019,0,0,18522,3,1536,4608,0,5,2,1,9,0,0,2,1314,0,0,1313,0,53248,0,0,0,0,-1,-1,0,0
Mon Sep 02 13:35:26 945 BST 2019,0,0,18522,3,1536,4608,0,5,2,1,9,0,0,2,1317,0,0,1316,0,53248,0,0,0,0,-1,-1,0,0
Mon Sep 02 13:35:56 947 BST 2019,0,0,18522,3,1536,4608,0,5,2,1,9,0,0,2,1320,0,0,1319,0,53248,0,0,0,0,-1,-1,0,0
Mon Sep 02 13:36:26 948 BST 2019,0,0,18522,3,1536,4608,0,5,2,1,9,0,0,2,1323,0,0,1322,0,53248,0,0,0,0,-1,-1,0,0
Mon Sep 02 13:36:56 950 BST 2019,0,0,18522,3,1536,4608,0,5,2,1,9,0,0,2,1326,0,0,1325,0,53248,0,0,0,0,-1,-1,0,0
Mon Sep 02 13:37:26 952 BST 2019,0,0,18522,3,1536,4608,0,5,2,1,9,0,0,2,1329,0,0,1328,0,53248,0,0,0,0,-1,-1,0,0
Mon Sep 02 13:37:56 954 BST 2019,0,0,18522,3,1536,4608,0,5,2,1,9,0,0,2,1332,0,0,1331,0,53248,0,0,0,0,-1,-1,0,0
Mon Sep 02 13:38:26 954 BST 2019,0,0,18522,3,1536,4608,0,5,2,1,9,0,0,2,1335,0,0,1334,0,53248,0,0,0,0,-1,-1,0,0
Mon Sep 02 13:38:56 957 BST 2019,0,0,18522,3,1536,4608,0,5,2,1,9,0,0,2,1338,0,0,1337,0,53248,0,0,0,0,-1,-1,0,0
Mon Sep 02 13:39:26 959 BST 2019,0,0,18522,3,1536,4608,0,5,2,1,9,0,0,2,1341,0,0,1340,0,53248,0,0,0,0,-1,-1,0,0
Mon Sep 02 13:39:56 961 BST 2019,0,0,18522,3,1536,4608,0,5,2,1,9,0,0,2,1344,0,0,1343,0,53248,0,0,0,0,-1,-1,0,0
Mon Sep 02 13:40:26 961 BST 2019,0,0,18522,3,1536,4608,0,5,2,1,9,0,0,2,1347,0,0,1346,0,53248,0,0,0,0,-1,-1,0,0
Mon Sep 02 13:40:56 967 BST 2019,0,0,18522,3,1536,4608,0,5,2,1,9,0,0,2,1350,0,0,1349,0,53248,0,0,0,0,-1,-1,0,0
Mon Sep 02 13:41:26 969 BST 2019,0,0,18522,3,1536,4608,0,5,2,1,9,0,0,2,1353,0,0,1352,0,53248,0,0,0,0,-1,-1,0,0
Mon Sep 02 13:41:56 971 BST 2019,0,0,18522,3,1536,4608,0,5,2,1,9,0,0,2,1356,0,0,1355,0,53248,0,0,0,0,-1,-1,0,0
Mon Sep 02 13:42:26 973 BST 2019,0,0,18522,3,1536,4608,0,5,2,1,9,0,0,2,1359,0,0,1358,0,53248,0,0,0,0,-1,-1,0,0
Mon Sep 02 13:42:56 976 BST 2019,0,0,18522,3,1536,4608,0,5,2,1,9,0,0,2,1362,0,0,1361,0,53248,0,0,0,0,-1,-1,0,2
Mon Sep 02 13:43:26 980 BST 2019,0,0,18522,3,1536,4608,0,5,2,1,9,0,0,2,1365,0,0,1364,0,53248,0,0,0,0,-1,-1,0,2
Mon Sep 02 13:43:56 984 BST 2019,0,0,18522,3,1536,4608,0,5,2,1,9,0,0,2,1368,0,0,1367,0,53248,0,0,0,0,-1,-1,0,2
Mon Sep 02 13:44:26 987 BST 2019,0,0,18522,3,1536,4608,0,5,2,1,9,0,0,2,1371,0,0,1370,0,53248,0,0,0,0,-1,-1,0,2
Mon Sep 02 13:44:56 990 BST 2019,0,0,18522,3,1536,4608,0,5,2,1,9,0,0,2,1374,0,0,1373,0,53248,0,0,0,0,-1,-1,0,2
Mon Sep 02 13:45:26 993 BST 2019,0,0,18522,3,1536,4608,0,5,2,1,9,0,0,2,1377,0,0,1376,0,53248,0,0,0,0,-1,-1,0,2
Mon Sep 02 13:45:56 995 BST 2019,0,0,18522,3,1536,4608,0,5,2,1,9,0,0,2,1380,0,0,1379,0,53248,0,0,0,0,-1,-1,0,2
Mon Sep 02 13:46:27 000 BST 2019,0,0,18522,3,1536,4608,0,5,2,1,9,0,0,2,1383,0,0,1382,0,53248,0,0,0,0,-1,-1,0,2
Mon Sep 02 13:46:57 004 BST 2019,0,0,18522,3,1536,4608,0,5,2,1,9,0,0,2,1386,0,0,1385,0,53248,0,0,0,0,-1,-1,0,2
Mon Sep 02 13:47:27 007 BST 2019,0,0,18522,3,1536,4608,0,5,2,1,9,0,0,2,1389,0,0,1388,0,53248,0,0,0,0,-1,-1,0,2
Mon Sep 02 13:47:57 011 BST 2019,0,0,18522,3,1536,4608,0,5,2,1,9,0,0,2,1392,0,0,1391,0,53248,0,0,0,0,-1,-1,0,2
Mon Sep 02 13:48:27 015 BST 2019,0,0,18522,3,1536,4608,0,5,2,1,9,0,0,2,1395,0,0,1394,0,53248,0,0,0,0,-1,-1,0,2
Mon Sep 02 13:48:57 019 BST 2019,0,0,18522,3,1536,4608,0,5,2,1,9,0,0,2,1398,0,0,1397,0,53248,0,0,0,0,-1,-1,0,2
Mon Sep 02 13:49:27 022 BST 2019,0,0,18522,3,1536,4608,0,5,2,1,9,0,0,2,1401,0,0,1400,0,53248,0,0,0,0,-1,-1,0,2
Mon Sep 02 13:49:57 022 BST 2019,0,0,18522,3,1536,4608,0,5,2,1,9,0,0,2,1404,0,0,1403,0,53248,0,0,0,0,-1,-1,0,0
Mon Sep 02 13:50:27 027 BST 2019,0,0,18522,3,1536,4608,0,5,2,1,9,0,0,2,1407,0,0,1406,0,53248,0,0,0,0,-1,-1,0,2
Mon Sep 02 13:50:57 030 BST 2019,0,0,18522,3,1536,4608,0,5,2,1,9,0,0,2,1410,0,0,1409,0,53248,0,0,0,0,-1,-1,0,2
Mon Sep 02 13:51:27 033 BST 2019,0,0,18522,3,1536,4608,0,5,2,1,9,0,0,2,1413,0,0,1412,0,53248,0,0,0,0,-1,-1,0,2
Mon Sep 02 13:51:57 037 BST 2019,0,0,18522,3,1536,4608,0,5,2,1,9,0,0,2,1416,0,0,1415,0,53248,0,0,0,0,-1,-1,0,2
Mon Sep 02 13:52:27 038 BST 2019,0,0,18522,3,1536,4608,0,5,2,1,9,0,0,2,1419,0,0,1418,0,53248,0,0,0,0,-1,-1,0,0
Mon Sep 02 13:52:57 042 BST 2019,0,0,18522,3,1536,4608,0,5,2,1,9,0,0,2,1422,0,0,1421,0,53248,0,0,0,0,-1,-1,0,2
Mon Sep 02 13:53:27 045 BST 2019,0,0,18522,3,1536,4608,0,5,2,1,9,0,0,2,1425,0,0,1424,0,53248,0,0,0,0,-1,-1,0,2
Mon Sep 02 13:53:57 045 BST 2019,0,0,18522,3,1536,4608,0,5,2,1,9,0,0,2,1428,0,0,1427,0,53248,0,0,0,0,-1,-1,0,0
Mon Sep 02 13:54:27 049 BST 2019,0,0,18522,3,1536,4608,0,5,2,1,9,0,0,2,1431,0,0,1430,0,53248,0,0,0,0,-1,-1,0,2
Mon Sep 02 13:54:57 053 BST 2019,0,0,18522,3,1536,4608,0,5,2,1,9,0,0,2,1434,0,0,1433,0,53248,0,0,0,0,-1,-1,0,2
Mon Sep 02 13:55:27 057 BST 2019,0,0,18522,3,1536,4608,0,5,2,1,9,0,0,2,1437,0,0,1436,0,53248,0,0,0,0,-1,-1,0,2
Mon Sep 02 13:55:57 060 BST 2019,0,0,18522,3,1536,4608,0,5,2,1,9,0,0,2,1440,0,0,1439,0,53248,0,0,0,0,-1,-1,0,2
Mon Sep 02 13:56:27 063 BST 2019,0,0,18522,3,1536,4608,0,5,2,1,9,0,0,2,1443,0,0,1442,0,53248,0,0,0,0,-1,-1,0,2
Mon Sep 02 13:56:57 067 BST 2019,0,0,18522,3,1536,4608,0,5,2,1,9,0,0,2,1446,0,0,1445,0,53248,0,0,0,0,-1,-1,0,2
Mon Sep 02 13:57:27 069 BST 2019,0,0,18522,3,1536,4608,0,5,2,1,9,0,0,2,1449,0,0,1448,0,53248,0,0,0,0,-1,-1,0,2
Mon Sep 02 13:57:57 070 BST 2019,0,0,18522,3,1536,4608,0,5,2,1,9,0,0,2,1452,0,0,1451,0,53248,0,0,0,0,-1,-1,0,0
Mon Sep 02 13:58:27 074 BST 2019,0,0,18522,3,1536,4608,0,5,2,1,9,0,0,2,1455,0,0,1454,0,53248,0,0,0,0,-1,-1,0,2
Mon Sep 02 13:58:57 078 BST 2019,0,0,18522,3,1536,4608,0,5,2,1,9,0,0,2,1458,0,0,1457,0,53248,0,0,0,0,-1,-1,0,2
Mon Sep 02 13:59:27 081 BST 2019,0,0,18522,3,1536,4608,0,5,2,1,9,0,0,2,1461,0,0,1460,0,53248,0,0,0,0,-1,-1,0,2
Mon Sep 02 13:59:57 085 BST 2019,0,0,18522,3,1536,4608,0,5,2,1,9,0,0,2,1464,0,0,1463,0,53248,0,0,0,0,-1,-1,0,2
Mon Sep 02 14:00:27 088 BST 2019,0,0,18522,3,1536,4608,0,5,2,1,9,0,0,2,1467,0,0,1466,0,53248,0,0,0,0,-1,-1,0,2
Mon Sep 02 14:00:57 092 BST 2019,0,0,18522,3,1536,4608,0,5,2,1,9,0,0,2,1470,0,0,1469,0,53248,0,0,0,0,-1,-1,0,2
Mon Sep 02 14:01:27 095 BST 2019,0,0,18522,3,1536,4608,0,5,2,1,9,0,0,2,1473,0,0,1472,0,53248,0,0,0,0,-1,-1,0,2
Mon Sep 02 14:01:57 099 BST 2019,0,0,18522,3,1536,4608,0,5,2,1,9,0,0,2,1476,0,0,1475,0,53248,0,0,0,0,-1,-1,0,2
Mon Sep 02 14:02:27 102 BST 2019,0,0,18522,3,1536,4608,0,5,2,1,9,0,0,2,1479,0,0,1478,0,53248,0,0,0,0,-1,-1,0,2
Mon Sep 02 14:02:57 107 BST 2019,0,0,18522,3,1536,4608,0,5,2,1,9,0,0,2,1482,0,0,1481,0,53248,0,0,0,0,-1,-1,0,2
Mon Sep 02 14:03:27 110 BST 2019,0,0,18522,3,1536,4608,0,5,2,1,9,0,0,2,1485,0,0,1484,0,53248,0,0,0,0,-1,-1,0,2
Mon Sep 02 14:03:57 114 BST 2019,0,0,18522,3,1536,4608,0,5,2,1,9,0,0,2,1488,0,0,1487,0,53248,0,0,0,0,-1,-1,0,2
Mon Sep 02 14:04:27 118 BST 2019,0,0,18522,3,1536,4608,0,5,2,1,9,0,0,2,1491,0,0,1490,0,53248,0,0,0,0,-1,-1,0,2
Mon Sep 02 14:04:57 121 BST 2019,0,0,18522,3,1536,4608,0,5,2,1,9,0,0,2,1494,0,0,1493,0,53248,0,0,0,0,-1,-1,0,2
Mon Sep 02 14:05:27 124 BST 2019,0,0,18522,3,1536,4608,0,5,2,1,9,0,0,2,1497,0,0,1496,0,53248,0,0,0,0,-1,-1,0,2
Mon Sep 02 14:05:57 127 BST 2019,0,0,18522,3,1536,4608,0,5,2,1,9,0,0,2,1500,0,0,1499,0,53248,0,0,0,0,-1,-1,0,2
Mon Sep 02 14:06:27 130 BST 2019,0,0,18522,3,1536,4608,0,5,2,1,9,0,0,2,1503,0,0,1502,0,53248,0,0,0,0,-1,-1,0,2
Mon Sep 02 14:06:57 135 BST 2019,0,0,18522,3,1536,4608,0,5,2,1,9,0,0,2,1506,0,0,1505,0,53248,0,0,0,0,-1,-1,0,2
Mon Sep 02 14:07:27 138 BST 2019,0,0,18522,3,1536,4608,0,5,2,1,9,0,0,2,1509,0,0,1508,0,53248,0,0,0,0,-1,-1,0,2
Mon Sep 02 14:07:57 142 BST 2019,0,0,12863,1,1536,4608,0,5,1,1,9,0,0,1,1512,0,0,1511,0,53248,0,0,0,0,-1,-1,0,2
Mon Sep 02 14:08:27 144 BST 2019,0,0,12863,1,1536,4608,0,5,1,1,9,0,0,1,1515,0,0,1514,0,53248,0,0,0,0,-1,-1,0,1
Mon Sep 02 14:08:57 146 BST 2019,0,0,12863,1,1536,4608,0,5,1,1,9,0,0,1,1518,0,0,1517,0,53248,0,0,0,0,-1,-1,0,0
Mon Sep 02 14:09:27 150 BST 2019,0,0,12863,1,1536,4608,0,5,1,1,9,0,0,1,1521,0,0,1520,0,53248,0,0,0,0,-1,-1,0,2
Mon Sep 02 14:09:57 153 BST 2019,0,0,12863,1,1536,4608,0,5,1,1,9,0,0,1,1524,0,0,1523,0,53248,0,0,0,0,-1,-1,0,2
Mon Sep 02 14:10:27 157 BST 2019,0,0,12863,1,1536,4608,0,5,1,1,9,0,0,1,1527,0,0,1526,0,53248,0,0,0,0,-1,-1,0,2
Mon Sep 02 14:10:57 160 BST 2019,0,0,12863,1,1536,4608,0,5,1,1,9,0,0,1,1530,0,0,1529,0,53248,0,0,0,0,-1,-1,0,2
Mon Sep 02 14:11:27 163 BST 2019,0,0,12863,1,1536,4608,0,5,1,1,9,0,0,1,1533,0,0,1532,0,53248,0,0,0,0,-1,-1,0,2
Mon Sep 02 14:11:57 168 BST 2019,0,0,12863,1,1536,4608,0,5,1,1,9,0,0,1,1536,0,0,1535,0,53248,0,0,0,0,-1,-1,0,2
Mon Sep 02 14:12:27 169 BST 2019,0,0,12863,1,1536,4608,0,5,1,1,9,0,0,1,1539,0,0,1538,0,53248,0,0,0,0,-1,-1,0,0
Mon Sep 02 14:12:57 171 BST 2019,0,0,12863,1,1536,4608,0,5,1,1,9,0,0,1,1542,0,0,1541,0,53248,0,0,0,0,-1,-1,0,1
Mon Sep 02 14:13:27 175 BST 2019,0,0,12863,1,1536,4608,0,5,1,1,9,0,0,1,1545,0,0,1544,0,53248,0,0,0,0,-1,-1,0,2
Mon Sep 02 14:13:57 178 BST 2019,0,0,12863,1,1536,4608,0,5,1,1,9,0,0,1,1548,0,0,1547,0,53248,0,0,0,0,-1,-1,0,2
Mon Sep 02 14:14:27 182 BST 2019,0,0,12863,1,1536,4608,0,5,1,1,9,0,0,1,1551,0,0,1550,0,53248,0,0,0,0,-1,-1,0,2
Mon Sep 02 14:14:57 184 BST 2019,0,0,12863,1,1536,4608,0,5,1,1,9,0,0,1,1554,0,0,1553,0,53248,0,0,0,0,-1,-1,0,1
Mon Sep 02 14:15:27 187 BST 2019,0,0,12863,1,1536,4608,0,5,1,1,9,0,0,1,1557,0,0,1556,0,53248,0,0,0,0,-1,-1,0,2
Mon Sep 02 14:15:57 190 BST 2019,0,0,12863,1,1536,4608,0,5,1,1,9,0,0,1,1560,0,0,1559,0,53248,0,0,0,0,-1,-1,0,2
Mon Sep 02 14:16:27 193 BST 2019,0,0,12863,1,1536,4608,0,5,1,1,9,0,0,1,1563,0,0,1562,0,53248,0,0,0,0,-1,-1,0,2
Mon Sep 02 14:16:57 198 BST 2019,0,0,12864,1,1536,4608,0,5,1,1,9,0,0,1,1566,0,0,1565,0,53248,0,0,0,0,-1,-1,0,2
Mon Sep 02 14:17:27 202 BST 2019,0,0,12864,1,1536,4608,0,5,1,1,9,0,0,1,1569,0,0,1568,0,53248,0,0,0,0,-1,-1,0,1
Mon Sep 02 14:17:57 203 BST 2019,0,0,12864,1,1536,4608,0,5,1,1,9,0,0,1,1572,0,0,1571,0,53248,0,0,0,0,-1,-1,0,1
Mon Sep 02 14:18:27 207 BST 2019,0,0,12864,1,1536,4608,0,5,1,1,9,0,0,1,1575,0,0,1574,0,53248,0,0,0,0,-1,-1,0,2
Mon Sep 02 14:18:57 221 BST 2019,0,0,12864,1,1536,4608,0,5,1,1,9,0,0,1,1578,0,0,1577,0,53248,0,0,0,0,-1,-1,0,2
Mon Sep 02 14:19:27 225 BST 2019,0,0,12864,1,1536,4608,0,5,1,1,9,0,0,1,1581,0,0,1580,0,53248,0,0,0,0,-1,-1,0,2
Mon Sep 02 14:19:57 228 BST 2019,0,0,12864,1,1536,4608,0,5,1,1,9,0,0,1,1584,0,0,1583,0,53248,0,0,0,0,-1,-1,0,2
Mon Sep 02 14:20:27 230 BST 2019,0,0,12864,1,1536,4608,0,5,1,1,9,0,0,1,1587,0,0,1586,0,53248,0,0,0,0,-1,-1,0,0
Mon Sep 02 14:20:57 233 BST 2019,0,0,12864,1,1536,4608,0,5,1,1,9,0,0,1,1590,0,0,1589,0,53248,0,0,0,0,-1,-1,0,2
Mon Sep 02 14:21:27 236 BST 2019,0,0,12864,1,1536,4608,0,5,1,1,9,0,0,1,1593,0,0,1592,0,53248,0,0,0,0,-1,-1,0,2
Mon Sep 02 14:21:57 240 BST 2019,0,0,12864,1,1536,4608,0,5,1,1,9,0,0,1,1596,0,0,1595,0,53248,0,0,0,0,-1,-1,0,2
Mon Sep 02 14:22:27 241 BST 2019,0,0,12864,1,1536,4608,0,5,1,1,9,0,0,1,1599,0,0,1598,0,53248,0,0,0,0,-1,-1,0,1
Mon Sep 02 14:22:57 244 BST 2019,0,0,12864,1,1536,4608,0,5,1,1,9,0,0,1,1602,0,0,1601,0,53248,0,0,0,0,-1,-1,0,2
Mon Sep 02 14:23:27 249 BST 2019,0,0,12864,1,1536,4608,0,5,1,1,9,0,0,1,1605,0,0,1604,0,53248,0,0,0,0,-1,-1,0,2
Mon Sep 02 14:23:57 252 BST 2019,0,0,12864,1,1536,4608,0,5,1,1,9,0,0,1,1608,0,0,1607,0,53248,0,0,0,0,-1,-1,0,2
Mon Sep 02 14:24:27 253 BST 2019,0,0,12864,1,1536,4608,0,5,1,1,9,0,0,1,1611,0,0,1610,0,53248,0,0,0,0,-1,-1,0,0
Mon Sep 02 14:24:57 257 BST 2019,0,0,12864,1,1536,4608,0,5,1,1,9,0,0,1,1614,0,0,1613,0,53248,0,0,0,0,-1,-1,0,2
Mon Sep 02 14:25:27 260 BST 2019,0,0,12864,1,1536,4608,0,5,1,1,9,0,0,1,1617,0,0,1616,0,53248,0,0,0,0,-1,-1,0,2
Mon Sep 02 14:25:57 264 BST 2019,0,0,12864,1,1536,4608,0,5,1,1,9,0,0,1,1620,0,0,1619,0,53248,0,0,0,0,-1,-1,0,2
Mon Sep 02 14:26:27 267 BST 2019,0,0,12864,1,1536,4608,0,5,1,1,9,0,0,1,1623,0,0,1622,0,53248,0,0,0,0,-1,-1,0,2
Mon Sep 02 14:26:57 271 BST 2019,0,0,12864,1,1536,4608,0,5,1,1,9,0,0,1,1626,0,0,1625,0,53248,0,0,0,0,-1,-1,0,2
Mon Sep 02 14:27:27 275 BST 2019,0,0,12864,1,1536,4608,0,5,1,1,9,0,0,1,1629,0,0,1628,0,53248,0,0,0,0,-1,-1,0,2
Mon Sep 02 14:27:57 278 BST 2019,0,0,12864,1,1536,4608,0,5,1,1,9,0,0,1,1632,0,0,1631,0,53248,0,0,0,0,-1,-1,0,2
Mon Sep 02 14:28:27 280 BST 2019,0,0,12864,1,1536,4608,0,5,1,1,9,0,0,1,1635,0,0,1634,0,53248,0,0,0,0,-1,-1,0,0
Mon Sep 02 14:28:57 283 BST 2019,0,0,12864,1,1536,4608,0,5,1,1,9,0,0,1,1638,0,0,1637,0,53248,0,0,0,0,-1,-1,0,2
Mon Sep 02 14:29:27 286 BST 2019,0,0,12864,1,1536,4608,0,5,1,1,9,0,0,1,1641,0,0,1640,0,53248,0,0,0,0,-1,-1,0,2
Mon Sep 02 14:29:57 290 BST 2019,0,0,12864,1,1536,4608,0,5,1,1,9,0,0,1,1644,0,0,1643,0,53248,0,0,0,0,-1,-1,0,2
Mon Sep 02 14:30:27 294 BST 2019,0,0,12864,1,1536,4608,0,5,1,1,9,0,0,1,1647,0,0,1646,0,53248,0,0,0,0,-1,-1,0,2
Mon Sep 02 14:30:57 298 BST 2019,0,0,12864,1,1536,4608,0,5,1,1,9,0,0,1,1650,0,0,1649,0,53248,0,0,0,0,-1,-1,0,2
Mon Sep 02 14:31:27 301 BST 2019,0,0,12864,1,1536,4608,0,5,1,1,9,0,0,1,1653,0,0,1652,0,53248,0,0,0,0,-1,-1,0,1
Mon Sep 02 14:31:57 304 BST 2019,0,0,12864,1,1536,4608,0,5,1,1,9,0,0,1,1656,0,0,1655,0,53248,0,0,0,0,-1,-1,0,1
Mon Sep 02 14:32:27 304 BST 2019,0,0,12864,1,1536,4608,0,5,1,1,9,0,0,1,1659,0,0,1658,0,53248,0,0,0,0,-1,-1,0,0
Mon Sep 02 14:32:57 308 BST 2019,0,0,12864,1,1536,4608,0,5,1,1,9,0,0,1,1662,0,0,1661,0,53248,0,0,0,0,-1,-1,0,2
Mon Sep 02 14:33:27 309 BST 2019,0,0,12864,1,1536,4608,0,5,1,1,9,0,0,1,1665,0,0,1664,0,53248,0,0,0,0,-1,-1,0,0
Mon Sep 02 14:33:57 313 BST 2019,0,0,12864,1,1536,4608,0,5,1,1,9,0,0,1,1668,0,0,1667,0,53248,0,0,0,0,-1,-1,0,2
Mon Sep 02 14:34:27 315 BST 2019,0,0,12864,1,1536,4608,0,5,1,1,9,0,0,1,1671,0,0,1670,0,53248,0,0,0,0,-1,-1,0,1
Mon Sep 02 14:34:57 318 BST 2019,0,0,12864,1,1536,4608,0,5,1,1,9,0,0,1,1674,0,0,1673,0,53248,0,0,0,0,-1,-1,0,2
Mon Sep 02 14:35:27 321 BST 2019,0,0,12864,1,1536,4608,0,5,1,1,9,0,0,1,1677,0,0,1676,0,53248,0,0,0,0,-1,-1,0,1
Mon Sep 02 14:35:57 324 BST 2019,0,0,12864,1,1536,4608,0,5,1,1,9,0,0,1,1680,0,0,1679,0,53248,0,0,0,0,-1,-1,0,2
Mon Sep 02 14:36:27 325 BST 2019,0,0,12864,1,1536,4608,0,5,1,1,9,0,0,1,1683,0,0,1682,0,53248,0,0,0,0,-1,-1,0,0
Mon Sep 02 14:36:57 329 BST 2019,0,0,12864,1,1536,4608,0,5,1,1,9,0,0,1,1686,0,0,1685,0,53248,0,0,0,0,-1,-1,0,2
Mon Sep 02 14:37:27 330 BST 2019,0,0,12864,1,1536,4608,0,5,1,1,9,0,0,1,1689,0,0,1688,0,53248,0,0,0,0,-1,-1,0,0
Mon Sep 02 14:37:57 334 BST 2019,0,0,12864,1,1536,4608,0,5,1,1,9,0,0,1,1692,0,0,1691,0,53248,0,0,0,0,-1,-1,0,2
Mon Sep 02 14:38:27 337 BST 2019,0,0,12864,1,1536,4608,0,5,1,1,9,0,0,1,1695,0,0,1694,0,53248,0,0,0,0,-1,-1,0,2
Mon Sep 02 14:38:57 340 BST 2019,0,0,12864,1,1536,4608,0,5,1,1,9,0,0,1,1698,0,0,1697,0,53248,0,0,0,0,-1,-1,0,2
Mon Sep 02 14:39:27 343 BST 2019,0,0,12864,1,1536,4608,0,5,1,1,9,0,0,1,1701,0,0,1700,0,53248,0,0,0,0,-1,-1,0,2
Mon Sep 02 14:39:57 357 BST 2019,0,0,12864,1,1536,4608,0,5,1,1,9,0,0,1,1704,0,0,1703,0,53248,0,0,0,0,-1,-1,0,0
Mon Sep 02 14:40:27 357 BST 2019,0,0,12864,1,1536,4608,0,5,1,1,9,0,0,1,1707,0,0,1706,0,53248,0,0,0,0,-1,-1,0,0
Mon Sep 02 14:40:57 360 BST 2019,0,0,12864,1,1536,4608,0,5,1,1,9,0,0,1,1710,0,0,1709,0,53248,0,0,0,0,-1,-1,0,1
Mon Sep 02 14:41:27 362 BST 2019,0,0,12864,1,1536,4608,0,5,1,1,9,0,0,1,1713,0,0,1712,0,53248,0,0,0,0,-1,-1,0,2
Mon Sep 02 14:41:57 366 BST 2019,0,0,12864,1,1536,4608,0,5,1,1,9,0,0,1,1716,0,0,1715,0,53248,0,0,0,0,-1,-1,0,2
Mon Sep 02 14:42:27 370 BST 2019,0,0,12864,1,1536,4608,0,5,1,1,9,0,0,1,1719,0,0,1718,0,53248,0,0,0,0,-1,-1,0,1
Mon Sep 02 14:42:57 371 BST 2019,0,0,12864,1,1536,4608,0,5,1,1,9,0,0,1,1722,0,0,1721,0,53248,0,0,0,0,-1,-1,0,0
Mon Sep 02 14:43:27 373 BST 2019,0,0,12864,1,1536,4608,0,5,1,1,9,0,0,1,1725,0,0,1724,0,53248,0,0,0,0,-1,-1,0,0
Mon Sep 02 14:43:57 374 BST 2019,0,0,12864,1,1536,4608,0,5,1,1,9,0,0,1,1728,0,0,1727,0,53248,0,0,0,0,-1,-1,0,1
Mon Sep 02 14:44:27 376 BST 2019,0,0,12864,1,1536,4608,0,5,1,1,9,0,0,1,1731,0,0,1730,0,53248,0,0,0,0,-1,-1,0,2
Mon Sep 02 14:44:57 381 BST 2019,0,0,12864,1,1536,4608,0,5,1,1,9,0,0,1,1734,0,0,1733,0,53248,0,0,0,0,-1,-1,0,2
Mon Sep 02 14:45:27 383 BST 2019,0,0,12864,1,1536,4608,0,5,1,1,9,0,0,1,1737,0,0,1736,0,53248,0,0,0,0,-1,-1,0,2
Mon Sep 02 14:45:57 387 BST 2019,0,0,12864,1,1536,4608,0,5,1,1,9,0,0,1,1740,0,0,1739,0,53248,0,0,0,0,-1,-1,0,1
Mon Sep 02 14:46:27 390 BST 2019,0,0,12864,1,1536,4608,0,5,1,1,9,0,0,1,1743,0,0,1742,0,53248,0,0,0,0,-1,-1,0,2
Mon Sep 02 14:46:57 392 BST 2019,0,0,12864,1,1536,4608,0,5,1,1,9,0,0,1,1746,0,0,1745,0,53248,0,0,0,0,-1,-1,0,0
Mon Sep 02 14:47:27 394 BST 2019,0,0,12864,1,1536,4608,0,5,1,1,9,0,0,1,1749,0,0,1748,0,53248,0,0,0,0,-1,-1,0,0
Mon Sep 02 14:47:57 397 BST 2019,0,0,12864,1,1536,4608,0,5,1,1,9,0,0,1,1752,0,0,1751,0,53248,0,0,0,0,-1,-1,0,2
Mon Sep 02 14:48:27 400 BST 2019,0,0,12864,1,1536,4608,0,5,1,1,9,0,0,1,1755,0,0,1754,0,53248,0,0,0,0,-1,-1,0,2
Mon Sep 02 14:48:57 403 BST 2019,0,0,12864,1,1536,4608,0,5,1,1,9,0,0,1,1758,0,0,1757,0,53248,0,0,0,0,-1,-1,0,2
Mon Sep 02 14:49:27 406 BST 2019,0,0,12864,1,1536,4608,0,5,1,1,9,0,0,1,1761,0,0,1760,0,53248,0,0,0,0,-1,-1,0,2
Mon Sep 02 14:49:57 409 BST 2019,0,0,12864,1,1536,4608,0,5,1,1,9,0,0,1,1764,0,0,1763,0,53248,0,0,0,0,-1,-1,0,2
Mon Sep 02 14:50:27 413 BST 2019,0,0,12864,1,1536,4608,0,5,1,1,9,0,0,1,1767,0,0,1766,0,53248,0,0,0,0,-1,-1,0,2
Mon Sep 02 14:50:57 414 BST 2019,0,0,12864,1,1536,4608,0,5,1,1,9,0,0,1,1770,0,0,1769,0,53248,0,0,0,0,-1,-1,0,0
Mon Sep 02 14:51:27 417 BST 2019,0,0,12864,1,1536,4608,0,5,1,1,9,0,0,1,1773,0,0,1772,0,53248,0,0,0,0,-1,-1,0,1
Mon Sep 02 14:51:57 420 BST 2019,0,0,12864,1,1536,4608,0,5,1,1,9,0,0,1,1776,0,0,1775,0,53248,0,0,0,0,-1,-1,0,2
Mon Sep 02 14:52:27 425 BST 2019,0,0,12864,1,1536,4608,0,5,1,1,9,0,0,1,1779,0,0,1778,0,53248,0,0,0,0,-1,-1,0,2
Mon Sep 02 14:52:57 428 BST 2019,0,0,12864,1,1536,4608,0,5,1,1,9,0,0,1,1782,0,0,1781,0,53248,0,0,0,0,-1,-1,0,2
Mon Sep 02 14:53:27 429 BST 2019,0,0,12864,1,1536,4608,0,5,1,1,9,0,0,1,1785,0,0,1784,0,53248,0,0,0,0,-1,-1,0,0
Mon Sep 02 14:53:57 433 BST 2019,0,0,12864,1,1536,4608,0,5,1,1,9,0,0,1,1788,0,0,1787,0,53248,0,0,0,0,-1,-1,0,2
Mon Sep 02 14:54:27 435 BST 2019,0,0,12864,1,1536,4608,0,5,1,1,9,0,0,1,1791,0,0,1790,0,53248,0,0,0,0,-1,-1,0,2
Mon Sep 02 14:54:57 437 BST 2019,0,0,12864,1,1536,4608,0,5,1,1,9,0,0,1,1794,0,0,1793,0,53248,0,0,0,0,-1,-1,0,0
Mon Sep 02 14:55:27 441 BST 2019,0,0,12864,1,1536,4608,0,5,1,1,9,0,0,1,1797,0,0,1796,0,53248,0,0,0,0,-1,-1,0,2
Mon Sep 02 14:55:57 444 BST 2019,0,0,12864,1,1536,4608,0,5,1,1,9,0,0,1,1800,0,0,1799,0,53248,0,0,0,0,-1,-1,0,2
Mon Sep 02 14:56:27 448 BST 2019,0,0,12864,1,1536,4608,0,5,1,1,9,0,0,1,1803,0,0,1802,0,53248,0,0,0,0,-1,-1,0,2
Mon Sep 02 14:56:57 450 BST 2019,0,0,12864,1,1536,4608,0,5,1,1,9,0,0,1,1806,0,0,1805,0,53248,0,0,0,0,-1,-1,0,1
Mon Sep 02 14:57:27 452 BST 2019,0,0,12864,1,1536,4608,0,5,1,1,9,0,0,1,1809,0,0,1808,0,53248,0,0,0,0,-1,-1,0,0
Mon Sep 02 14:57:57 455 BST 2019,0,0,12864,1,1536,4608,0,5,1,1,9,0,0,1,1812,0,0,1811,0,53248,0,0,0,0,-1,-1,0,2
Mon Sep 02 14:58:27 459 BST 2019,0,0,12864,1,1536,4608,0,5,1,1,9,0,0,1,1815,0,0,1814,0,53248,0,0,0,0,-1,-1,0,2
Mon Sep 02 14:58:57 462 BST 2019,0,0,12864,1,1536,4608,0,5,1,1,9,0,0,1,1818,0,0,1817,0,53248,0,0,0,0,-1,-1,0,2
Mon Sep 02 14:59:27 465 BST 2019,0,0,12864,1,1536,4608,0,5,1,1,9,0,0,1,1821,0,0,1820,0,53248,0,0,0,0,-1,-1,0,2
Mon Sep 02 14:59:57 469 BST 2019,0,0,12864,1,1536,4608,0,5,1,1,9,0,0,1,1824,0,0,1823,0,53248,0,0,0,0,-1,-1,0,2
Mon Sep 02 15:00:27 472 BST 2019,0,0,12864,1,1536,4608,0,5,1,1,9,0,0,1,1827,0,0,1826,0,53248,0,0,0,0,-1,-1,0,2
Mon Sep 02 15:00:57 474 BST 2019,0,0,12864,1,1536,4608,0,5,1,1,9,0,0,1,1830,0,0,1829,0,53248,0,0,0,0,-1,-1,0,0
Mon Sep 02 15:01:27 476 BST 2019,0,0,12864,1,1536,4608,0,5,1,1,9,0,0,1,1833,0,0,1832,0,53248,0,0,0,0,-1,-1,0,2
Mon Sep 02 15:01:57 480 BST 2019,0,0,12864,1,1536,4608,0,5,1,1,9,0,0,1,1836,0,0,1835,0,53248,0,0,0,0,-1,-1,0,2
Mon Sep 02 15:02:27 484 BST 2019,0,0,12864,1,1536,4608,0,5,1,1,9,0,0,1,1839,0,0,1838,0,53248,0,0,0,0,-1,-1,0,2
Mon Sep 02 15:02:57 488 BST 2019,0,0,12864,1,1536,4608,0,5,1,1,9,0,0,1,1842,0,0,1841,0,53248,0,0,0,0,-1,-1,0,2
Mon Sep 02 15:03:27 490 BST 2019,0,0,12864,1,1536,4608,0,5,1,1,9,0,0,1,1845,0,0,1844,0,53248,0,0,0,0,-1,-1,0,1
Mon Sep 02 15:03:57 494 BST 2019,0,0,12864,1,1536,4608,0,5,1,1,9,0,0,1,1848,0,0,1847,0,53248,0,0,0,0,-1,-1,0,2
Mon Sep 02 15:04:27 497 BST 2019,0,0,12864,1,1536,4608,0,5,1,1,9,0,0,1,1851,0,0,1850,0,53248,0,0,0,0,-1,-1,0,2
Mon Sep 02 15:04:57 500 BST 2019,0,0,12864,1,1536,4608,0,5,1,1,9,0,0,1,1854,0,0,1853,0,53248,0,0,0,0,-1,-1,0,1
Mon Sep 02 15:05:27 503 BST 2019,0,0,12864,1,1536,4608,0,5,1,1,9,0,0,1,1857,0,0,1856,0,53248,0,0,0,0,-1,-1,0,2
Mon Sep 02 15:05:57 506 BST 2019,0,0,12864,1,1536,4608,0,5,1,1,9,0,0,1,1860,0,0,1859,0,53248,0,0,0,0,-1,-1,0,1
Mon Sep 02 15:06:27 508 BST 2019,0,0,12864,1,1536,4608,0,5,1,1,9,0,0,1,1863,0,0,1862,0,53248,0,0,0,0,-1,-1,0,0
Mon Sep 02 15:06:57 511 BST 2019,0,0,12864,1,1536,4608,0,5,1,1,9,0,0,1,1866,0,0,1865,0,53248,0,0,0,0,-1,-1,0,2
Mon Sep 02 15:07:27 514 BST 2019,0,0,12864,1,1536,4608,0,5,1,1,9,0,0,1,1869,0,0,1868,0,53248,0,0,0,0,-1,-1,0,2
Mon Sep 02 15:07:57 514 BST 2019,0,0,12864,1,1536,4608,0,5,1,1,9,0,0,1,1872,0,0,1871,0,53248,0,0,0,0,-1,-1,0,0
Mon Sep 02 15:08:27 518 BST 2019,0,0,12864,1,1536,4608,0,5,1,1,9,0,0,1,1875,0,0,1874,0,53248,0,0,0,0,-1,-1,0,2
Mon Sep 02 15:08:57 520 BST 2019,0,0,12864,1,1536,4608,0,5,1,1,9,0,0,1,1878,0,0,1877,0,53248,0,0,0,0,-1,-1,0,1
Mon Sep 02 15:09:27 522 BST 2019,0,0,12864,1,1536,4608,0,5,1,1,9,0,0,1,1881,0,0,1880,0,53248,0,0,0,0,-1,-1,0,1
Mon Sep 02 15:09:57 526 BST 2019,0,0,12864,1,1536,4608,0,5,1,1,9,0,0,1,1884,0,0,1883,0,53248,0,0,0,0,-1,-1,0,2
Mon Sep 02 15:10:27 530 BST 2019,0,0,12864,1,1536,4608,0,5,1,1,9,0,0,1,1887,0,0,1886,0,53248,0,0,0,0,-1,-1,0,2
Mon Sep 02 15:10:57 534 BST 2019,0,0,12864,1,1536,4608,0,5,1,1,9,0,0,1,1890,0,0,1889,0,53248,0,0,0,0,-1,-1,0,2
Mon Sep 02 15:11:27 536 BST 2019,0,0,12864,1,1536,4608,0,5,1,1,9,0,0,1,1893,0,0,1892,0,53248,0,0,0,0,-1,-1,0,0
Mon Sep 02 15:11:57 539 BST 2019,0,0,12864,1,1536,4608,0,5,1,1,9,0,0,1,1896,0,0,1895,0,53248,0,0,0,0,-1,-1,0,2
Mon Sep 02 15:12:27 543 BST 2019,0,0,12864,1,1536,4608,0,5,1,1,9,0,0,1,1899,0,0,1898,0,53248,0,0,0,0,-1,-1,0,2
Mon Sep 02 15:12:57 545 BST 2019,0,0,12864,1,1536,4608,0,5,1,1,9,0,0,1,1902,0,0,1901,0,53248,0,0,0,0,-1,-1,0,1
Mon Sep 02 15:13:27 549 BST 2019,0,0,12864,1,1536,4608,0,5,1,1,9,0,0,1,1905,0,0,1904,0,53248,0,0,0,0,-1,-1,0,2
Mon Sep 02 15:13:57 550 BST 2019,0,0,12864,1,1536,4608,0,5,1,1,9,0,0,1,1908,0,0,1907,0,53248,0,0,0,0,-1,-1,0,0
Mon Sep 02 15:14:27 550 BST 2019,0,0,12864,1,1536,4608,0,5,1,1,9,0,0,1,1911,0,0,1910,0,53248,0,0,0,0,-1,-1,0,0
Mon Sep 02 15:14:57 552 BST 2019,0,0,12864,1,1536,4608,0,5,1,1,9,0,0,1,1914,0,0,1913,0,53248,0,0,0,0,-1,-1,0,0
Mon Sep 02 15:15:27 554 BST 2019,0,0,12864,1,1536,4608,0,5,1,1,9,0,0,1,1917,0,0,1916,0,53248,0,0,0,0,-1,-1,0,0
Mon Sep 02 15:15:57 555 BST 2019,0,0,12864,1,1536,4608,0,5,1,1,9,0,0,1,1920,0,0,1919,0,53248,0,0,0,0,-1,-1,0,0
Mon Sep 02 15:16:27 557 BST 2019,0,0,12864,1,1536,4608,0,5,1,1,9,0,0,1,1923,0,0,1922,0,53248,0,0,0,0,-1,-1,0,0
Mon Sep 02 15:16:57 560 BST 2019,0,0,12864,1,1536,4608,0,5,1,1,9,0,0,1,1926,0,0,1925,0,53248,0,0,0,0,-1,-1,0,2
Mon Sep 02 15:17:27 560 BST 2019,0,0,12864,1,1536,4608,0,5,1,1,9,0,0,1,1929,0,0,1928,0,53248,0,0,0,0,-1,-1,0,0
Mon Sep 02 15:17:57 564 BST 2019,0,0,12864,1,1536,4608,0,5,1,1,9,0,0,1,1932,0,0,1931,0,53248,0,0,0,0,-1,-1,0,2
Mon Sep 02 15:18:27 565 BST 2019,0,0,12864,1,1536,4608,0,5,1,1,9,0,0,1,1935,0,0,1934,0,53248,0,0,0,0,-1,-1,0,0
Mon Sep 02 15:18:57 570 BST 2019,0,0,12864,1,1536,4608,0,5,1,1,9,0,0,1,1938,0,0,1937,0,53248,0,0,0,0,-1,-1,0,2
Mon Sep 02 15:19:27 574 BST 2019,0,0,12864,1,1536,4608,0,5,1,1,9,0,0,1,1941,0,0,1940,0,53248,0,0,0,0,-1,-1,0,2
Mon Sep 02 15:19:57 576 BST 2019,0,0,12864,1,1536,4608,0,5,1,1,9,0,0,1,1944,0,0,1943,0,53248,0,0,0,0,-1,-1,0,2
Mon Sep 02 15:20:27 578 BST 2019,0,0,12864,1,1536,4608,0,5,1,1,9,0,0,1,1947,0,0,1946,0,53248,0,0,0,0,-1,-1,0,1
Mon Sep 02 15:20:57 581 BST 2019,0,0,12864,1,1536,4608,0,5,1,1,9,0,0,1,1950,0,0,1949,0,53248,0,0,0,0,-1,-1,0,2
Mon Sep 02 15:21:27 585 BST 2019,0,0,12864,1,1536,4608,0,5,1,1,9,0,0,1,1953,0,0,1952,0,53248,0,0,0,0,-1,-1,0,2
Mon Sep 02 15:21:57 588 BST 2019,0,0,12864,1,1536,4608,0,5,1,1,9,0,0,1,1956,0,0,1955,0,53248,0,0,0,0,-1,-1,0,2
Mon Sep 02 15:22:27 592 BST 2019,0,0,12864,1,1536,4608,0,5,1,1,9,0,0,1,1959,0,0,1958,0,53248,0,0,0,0,-1,-1,0,2
Mon Sep 02 15:22:57 596 BST 2019,0,0,12864,1,1536,4608,0,5,1,1,9,0,0,1,1962,0,0,1961,0,53248,0,0,0,0,-1,-1,0,2
Mon Sep 02 15:23:27 598 BST 2019,0,0,12864,1,1536,4608,0,5,1,1,9,0,0,1,1965,0,0,1964,0,53248,0,0,0,0,-1,-1,0,1
Mon Sep 02 15:23:57 600 BST 2019,0,0,12864,1,1536,4608,0,5,1,1,9,0,0,1,1968,0,0,1967,0,53248,0,0,0,0,-1,-1,0,0
Mon Sep 02 15:24:27 602 BST 2019,0,0,12864,1,1536,4608,0,5,1,1,9,0,0,1,1971,0,0,1970,0,53248,0,0,0,0,-1,-1,0,2
Mon Sep 02 15:24:57 607 BST 2019,0,0,12864,1,1536,4608,0,5,1,1,9,0,0,1,1974,0,0,1973,0,53248,0,0,0,0,-1,-1,0,2
Mon Sep 02 15:25:27 611 BST 2019,0,0,12864,1,1536,4608,0,5,1,1,9,0,0,1,1977,0,0,1976,0,53248,0,0,0,0,-1,-1,0,2
Mon Sep 02 15:25:57 613 BST 2019,0,0,12864,1,1536,4608,0,5,1,1,9,0,0,1,1980,0,0,1979,0,53248,0,0,0,0,-1,-1,0,0
Mon Sep 02 15:26:27 615 BST 2019,0,0,12864,1,1536,4608,0,5,1,1,9,0,0,1,1983,0,0,1982,0,53248,0,0,0,0,-1,-1,0,1
Mon Sep 02 15:26:57 619 BST 2019,0,0,12864,1,1536,4608,0,5,1,1,9,0,0,1,1986,0,0,1985,0,53248,0,0,0,0,-1,-1,0,2
Mon Sep 02 15:27:27 620 BST 2019,0,0,12864,1,1536,4608,0,5,1,1,9,0,0,1,1989,0,0,1988,0,53248,0,0,0,0,-1,-1,0,1
Mon Sep 02 15:27:57 622 BST 2019,0,0,12864,1,1536,4608,0,5,1,1,9,0,0,1,1992,0,0,1991,0,53248,0,0,0,0,-1,-1,0,1
Mon Sep 02 15:28:27 624 BST 2019,0,0,12864,1,1536,4608,0,5,1,1,9,0,0,1,1995,0,0,1994,0,53248,0,0,0,0,-1,-1,0,2
Mon Sep 02 15:28:57 628 BST 2019,0,0,12864,1,1536,4608,0,5,1,1,9,0,0,1,1998,0,0,1997,0,53248,0,0,0,0,-1,-1,0,1
Mon Sep 02 15:29:27 632 BST 2019,0,0,12864,1,1536,4608,0,5,1,1,9,0,0,1,2001,0,0,2000,0,53248,0,0,0,0,-1,-1,0,2
Mon Sep 02 15:29:57 636 BST 2019,0,0,12864,1,1536,4608,0,5,1,1,9,0,0,1,2004,0,0,2003,0,53248,0,0,0,0,-1,-1,0,2
Mon Sep 02 15:30:27 639 BST 2019,0,0,12864,1,1536,4608,0,5,1,1,9,0,0,1,2007,0,0,2006,0,53248,0,0,0,0,-1,-1,0,2
Mon Sep 02 15:30:57 643 BST 2019,0,0,12864,1,1536,4608,0,5,1,1,9,0,0,1,2010,0,0,2009,0,53248,0,0,0,0,-1,-1,0,2
Mon Sep 02 15:31:27 647 BST 2019,0,0,12864,1,1536,4608,0,5,1,1,9,0,0,1,2013,0,0,2012,0,53248,0,0,0,0,-1,-1,0,2
Mon Sep 02 15:31:57 649 BST 2019,0,0,12864,1,1536,4608,0,5,1,1,9,0,0,1,2016,0,0,2015,0,53248,0,0,0,0,-1,-1,0,1
Mon Sep 02 15:32:27 653 BST 2019,0,0,12864,1,1536,4608,0,5,1,1,9,0,0,1,2019,0,0,2018,0,53248,0,0,0,0,-1,-1,0,2
Mon Sep 02 15:32:57 658 BST 2019,0,0,12864,1,1536,4608,0,5,1,1,9,0,0,1,2022,0,0,2021,0,53248,0,0,0,0,-1,-1,0,3
Mon Sep 02 15:33:27 661 BST 2019,0,0,12864,1,1536,4608,0,5,1,1,9,0,0,1,2025,0,0,2024,0,53248,0,0,0,0,-1,-1,0,3
Mon Sep 02 15:33:57 696 BST 2019,0,0,12864,1,1536,4608,0,5,1,1,9,0,0,1,2028,0,0,2027,0,53248,0,0,0,0,-1,-1,0,32
Mon Sep 02 15:34:27 697 BST 2019,0,0,12864,1,1536,4608,0,5,1,1,9,0,0,1,2031,0,0,2030,0,53248,0,0,0,0,-1,-1,0,1
Mon Sep 02 15:34:57 699 BST 2019,0,0,12864,1,1536,4608,0,5,1,1,9,0,0,1,2034,0,0,2033,0,53248,0,0,0,0,-1,-1,0,1
Mon Sep 02 15:35:27 702 BST 2019,0,0,12864,1,1536,4608,0,5,1,1,9,0,0,1,2037,0,0,2036,0,53248,0,0,0,0,-1,-1,0,2
Mon Sep 02 15:35:57 707 BST 2019,0,0,12864,1,1536,4608,0,5,1,1,9,0,0,1,2040,0,0,2039,0,53248,0,0,0,0,-1,-1,0,3
Mon Sep 02 15:36:27 708 BST 2019,0,0,12864,1,1536,4608,0,5,1,1,9,0,0,1,2043,0,0,2042,0,53248,0,0,0,0,-1,-1,0,0
Mon Sep 02 15:36:57 712 BST 2019,0,0,12864,1,1536,4608,0,5,1,1,9,0,0,1,2046,0,0,2045,0,53248,0,0,0,0,-1,-1,0,2
Mon Sep 02 15:37:27 716 BST 2019,0,0,12864,1,1536,4608,0,5,1,1,9,0,0,1,2049,0,0,2048,0,53248,0,0,0,0,-1,-1,0,2
Mon Sep 02 15:37:57 719 BST 2019,0,0,12864,1,1536,4608,0,5,1,1,9,0,0,1,2052,0,0,2051,0,53248,0,0,0,0,-1,-1,0,2
Mon Sep 02 15:38:27 722 BST 2019,0,0,12864,1,1536,4608,0,5,1,1,9,0,0,1,2055,0,0,2054,0,53248,0,0,0,0,-1,-1,0,2
Mon Sep 02 15:38:57 726 BST 2019,0,0,12864,1,1536,4608,0,5,1,1,9,0,0,1,2058,0,0,2057,0,53248,0,0,0,0,-1,-1,0,2
Mon Sep 02 15:39:27 731 BST 2019,0,0,12864,1,1536,4608,0,5,1,1,9,0,0,1,2061,0,0,2060,0,53248,0,0,0,0,-1,-1,0,2
Mon Sep 02 15:39:57 735 BST 2019,0,0,12864,1,1536,4608,0,5,1,1,9,0,0,1,2064,0,0,2063,0,53248,0,0,0,0,-1,-1,0,2
Mon Sep 02 15:40:27 737 BST 2019,0,0,12864,1,1536,4608,0,5,1,1,9,0,0,1,2067,0,0,2066,0,53248,0,0,0,0,-1,-1,0,0
Mon Sep 02 15:40:57 740 BST 2019,0,0,12864,1,1536,4608,0,5,1,1,9,0,0,1,2070,0,0,2069,0,53248,0,0,0,0,-1,-1,0,3
Mon Sep 02 15:41:27 744 BST 2019,0,0,12864,1,1536,4608,0,5,1,1,9,0,0,1,2073,0,0,2072,0,53248,0,0,0,0,-1,-1,0,2
Mon Sep 02 15:41:57 748 BST 2019,0,0,12864,1,1536,4608,0,5,1,1,9,0,0,1,2076,0,0,2075,0,53248,0,0,0,0,-1,-1,0,2
Mon Sep 02 15:42:27 751 BST 2019,0,0,12864,1,1536,4608,0,5,1,1,9,0,0,1,2079,0,0,2078,0,53248,0,0,0,0,-1,-1,0,2
Mon Sep 02 15:42:57 755 BST 2019,0,0,12864,1,1536,4608,0,5,1,1,9,0,0,1,2082,0,0,2081,0,53248,0,0,0,0,-1,-1,0,2
Mon Sep 02 15:43:27 759 BST 2019,0,0,12864,1,1536,4608,0,5,1,1,9,0,0,1,2085,0,0,2084,0,53248,0,0,0,0,-1,-1,0,2
Mon Sep 02 15:43:57 763 BST 2019,0,0,12864,1,1536,4608,0,5,1,1,9,0,0,1,2088,0,0,2087,0,53248,0,0,0,0,-1,-1,0,2
Mon Sep 02 15:44:27 765 BST 2019,0,0,12864,1,1536,4608,0,5,1,1,9,0,0,1,2091,0,0,2090,0,53248,0,0,0,0,-1,-1,0,1
Mon Sep 02 15:44:57 769 BST 2019,0,0,12864,1,1536,4608,0,5,1,1,9,0,0,1,2094,0,0,2093,0,53248,0,0,0,0,-1,-1,0,2
Mon Sep 02 15:45:27 773 BST 2019,0,0,12864,1,1536,4608,0,5,1,1,9,0,0,1,2097,0,0,2096,0,53248,0,0,0,0,-1,-1,0,2
Mon Sep 02 15:45:57 777 BST 2019,0,0,12864,1,1536,4608,0,5,1,1,9,0,0,1,2100,0,0,2099,0,53248,0,0,0,0,-1,-1,0,2
Mon Sep 02 15:46:27 781 BST 2019,0,0,12864,1,1536,4608,0,5,1,1,9,0,0,1,2103,0,0,2102,0,53248,0,0,0,0,-1,-1,0,3
Mon Sep 02 15:46:57 785 BST 2019,0,0,12864,1,1536,4608,0,5,1,1,9,0,0,1,2106,0,0,2105,0,53248,0,0,0,0,-1,-1,0,2
Mon Sep 02 15:47:27 788 BST 2019,0,0,12864,1,1536,4608,0,5,1,1,9,0,0,1,2109,0,0,2108,0,53248,0,0,0,0,-1,-1,0,2
Mon Sep 02 15:47:57 792 BST 2019,0,0,12864,1,1536,4608,0,5,1,1,9,0,0,1,2112,0,0,2111,0,53248,0,0,0,0,-1,-1,0,2
Mon Sep 02 15:48:27 796 BST 2019,0,0,12864,1,1536,4608,0,5,1,1,9,0,0,1,2115,0,0,2114,0,53248,0,0,0,0,-1,-1,0,2
Mon Sep 02 15:48:57 801 BST 2019,0,0,12864,1,1536,4608,0,5,1,1,9,0,0,1,2118,0,0,2117,0,53248,0,0,0,0,-1,-1,0,2
Mon Sep 02 15:49:27 805 BST 2019,0,0,12864,1,1536,4608,0,5,1,1,9,0,0,1,2121,0,0,2120,0,53248,0,0,0,0,-1,-1,0,2
Mon Sep 02 15:49:57 808 BST 2019,0,0,12864,1,1536,4608,0,5,1,1,9,0,0,1,2124,0,0,2123,0,53248,0,0,0,0,-1,-1,0,2
Mon Sep 02 15:50:27 811 BST 2019,0,0,12864,1,1536,4608,0,5,1,1,9,0,0,1,2127,0,0,2126,0,53248,0,0,0,0,-1,-1,0,2
Mon Sep 02 15:50:57 815 BST 2019,0,0,12864,1,1536,4608,0,5,1,1,9,0,0,1,2130,0,0,2129,0,53248,0,0,0,0,-1,-1,0,3
Mon Sep 02 15:51:27 816 BST 2019,0,0,12864,1,1536,4608,0,5,1,1,9,0,0,1,2133,0,0,2132,0,53248,0,0,0,0,-1,-1,0,1
Mon Sep 02 15:51:57 819 BST 2019,0,0,12864,1,1536,4608,0,5,1,1,9,0,0,1,2136,0,0,2135,0,53248,0,0,0,0,-1,-1,0,0
Mon Sep 02 15:52:27 820 BST 2019,0,0,12864,1,1536,4608,0,5,1,1,9,0,0,1,2139,0,0,2138,0,53248,0,0,0,0,-1,-1,0,1
Mon Sep 02 15:52:57 822 BST 2019,0,0,12864,1,1536,4608,0,5,1,1,9,0,0,1,2142,0,0,2141,0,53248,0,0,0,0,-1,-1,0,0
Mon Sep 02 15:53:27 825 BST 2019,0,0,12864,1,1536,4608,0,5,1,1,9,0,0,1,2145,0,0,2144,0,53248,0,0,0,0,-1,-1,0,1
Mon Sep 02 15:53:57 826 BST 2019,0,0,12864,1,1536,4608,0,5,1,1,9,0,0,1,2148,0,0,2147,0,53248,0,0,0,0,-1,-1,0,0
Mon Sep 02 15:54:27 828 BST 2019,0,0,12864,1,1536,4608,0,5,1,1,9,0,0,1,2151,0,0,2150,0,53248,0,0,0,0,-1,-1,0,0
Mon Sep 02 15:54:57 831 BST 2019,0,0,12864,1,1536,4608,0,5,1,1,9,0,0,1,2154,0,0,2153,0,53248,0,0,0,0,-1,-1,0,2
Mon Sep 02 15:55:27 835 BST 2019,0,0,12864,1,1536,4608,0,5,1,1,9,0,0,1,2157,0,0,2156,0,53248,0,0,0,0,-1,-1,0,3
Mon Sep 02 15:55:57 837 BST 2019,0,0,12864,1,1536,4608,0,5,1,1,9,0,0,1,2160,0,0,2159,0,53248,0,0,0,0,-1,-1,0,1
Mon Sep 02 15:56:27 839 BST 2019,0,0,12864,1,1536,4608,0,5,1,1,9,0,0,1,2163,0,0,2162,0,53248,0,0,0,0,-1,-1,0,0
Mon Sep 02 15:56:57 841 BST 2019,0,0,12864,1,1536,4608,0,5,1,1,9,0,0,1,2166,0,0,2165,0,53248,0,0,0,0,-1,-1,0,0
Mon Sep 02 15:57:27 845 BST 2019,0,0,12864,1,1536,4608,0,5,1,1,9,0,0,1,2169,0,0,2168,0,53248,0,0,0,0,-1,-1,0,2
Mon Sep 02 15:57:57 846 BST 2019,0,0,12864,1,1536,4608,0,5,1,1,9,0,0,1,2172,0,0,2171,0,53248,0,0,0,0,-1,-1,0,0
Mon Sep 02 15:58:27 846 BST 2019,0,0,12864,1,1536,4608,0,5,1,1,9,0,0,1,2175,0,0,2174,0,53248,0,0,0,0,-1,-1,0,0
Mon Sep 02 15:58:57 851 BST 2019,0,0,12864,1,1536,4608,0,5,1,1,9,0,0,1,2178,0,0,2177,0,53248,0,0,0,0,-1,-1,0,2
Mon Sep 02 15:59:27 855 BST 2019,0,0,12864,1,1536,4608,0,5,1,1,9,0,0,1,2181,0,0,2180,0,53248,0,0,0,0,-1,-1,0,2
Mon Sep 02 15:59:57 860 BST 2019,0,0,12864,1,1536,4608,0,5,1,1,9,0,0,1,2184,0,0,2183,0,53248,0,0,0,0,-1,-1,0,3
Mon Sep 02 16:00:27 862 BST 2019,0,0,12864,1,1536,4608,0,5,1,1,9,0,0,1,2187,0,0,2186,0,53248,0,0,0,0,-1,-1,0,0
Mon Sep 02 16:00:57 865 BST 2019,0,0,12864,1,1536,4608,0,5,1,1,9,0,0,1,2190,0,0,2189,0,53248,0,0,0,0,-1,-1,0,2
Mon Sep 02 16:01:27 869 BST 2019,0,0,12864,1,1536,4608,0,5,1,1,9,0,0,1,2193,0,0,2192,0,53248,0,0,0,0,-1,-1,0,2
Mon Sep 02 16:01:57 872 BST 2019,0,0,12864,1,1536,4608,0,5,1,1,9,0,0,1,2196,0,0,2195,0,53248,0,0,0,0,-1,-1,0,0
Mon Sep 02 16:02:27 875 BST 2019,0,0,12864,1,1536,4608,0,5,1,1,9,0,0,1,2199,0,0,2198,0,53248,0,0,0,0,-1,-1,0,3
Mon Sep 02 16:02:57 880 BST 2019,0,0,12864,1,1536,4608,0,5,1,1,9,0,0,1,2202,0,0,2201,0,53248,0,0,0,0,-1,-1,0,2
Mon Sep 02 16:03:27 884 BST 2019,0,0,12864,1,1536,4608,0,5,1,1,9,0,0,1,2205,0,0,2204,0,53248,0,0,0,0,-1,-1,0,2
Mon Sep 02 16:03:57 885 BST 2019,0,0,12864,1,1536,4608,0,5,1,1,9,0,0,1,2208,0,0,2207,0,53248,0,0,0,0,-1,-1,0,1
Mon Sep 02 16:04:27 889 BST 2019,0,0,12864,1,1536,4608,0,5,1,1,9,0,0,1,2211,0,0,2210,0,53248,0,0,0,0,-1,-1,0,2
Mon Sep 02 16:04:57 891 BST 2019,0,0,12864,1,1536,4608,0,5,1,1,9,0,0,1,2214,0,0,2213,0,53248,0,0,0,0,-1,-1,0,0
Mon Sep 02 16:05:27 893 BST 2019,0,0,12864,1,1536,4608,0,5,1,1,9,0,0,1,2217,0,0,2216,0,53248,0,0,0,0,-1,-1,0,1
Mon Sep 02 16:05:57 897 BST 2019,0,0,12864,1,1536,4608,0,5,1,1,9,0,0,1,2220,0,0,2219,0,53248,0,0,0,0,-1,-1,0,2
Mon Sep 02 16:06:27 900 BST 2019,0,0,12864,1,1536,4608,0,5,1,1,9,0,0,1,2223,0,0,2222,0,53248,0,0,0,0,-1,-1,0,2
Mon Sep 02 16:06:57 902 BST 2019,0,0,12864,1,1536,4608,0,5,1,1,9,0,0,1,2226,0,0,2225,0,53248,0,0,0,0,-1,-1,0,2
Mon Sep 02 16:07:27 906 BST 2019,0,0,12864,1,1536,4608,0,5,1,1,9,0,0,1,2229,0,0,2228,0,53248,0,0,0,0,-1,-1,0,2
Mon Sep 02 16:07:57 911 BST 2019,0,0,12864,1,1536,4608,0,5,1,1,9,0,0,1,2232,0,0,2231,0,53248,0,0,0,0,-1,-1,0,3
Mon Sep 02 16:08:27 913 BST 2019,0,0,12864,1,1536,4608,0,5,1,1,9,0,0,1,2235,0,0,2234,0,53248,0,0,0,0,-1,-1,0,0
Mon Sep 02 16:08:57 914 BST 2019,0,0,12864,1,1536,4608,0,5,1,1,9,0,0,1,2238,0,0,2237,0,53248,0,0,0,0,-1,-1,0,1
Mon Sep 02 16:09:27 919 BST 2019,0,0,12864,1,1536,4608,0,5,1,1,9,0,0,1,2241,0,0,2240,0,53248,0,0,0,0,-1,-1,0,3
Mon Sep 02 16:09:57 921 BST 2019,0,0,12864,1,1536,4608,0,5,1,1,9,0,0,1,2244,0,0,2243,0,53248,0,0,0,0,-1,-1,0,1
Mon Sep 02 16:10:27 926 BST 2019,0,0,12864,1,1536,4608,0,5,1,1,9,0,0,1,2247,0,0,2246,0,53248,0,0,0,0,-1,-1,0,3
Mon Sep 02 16:10:57 927 BST 2019,0,0,12864,1,1536,4608,0,5,1,1,9,0,0,1,2250,0,0,2249,0,53248,0,0,0,0,-1,-1,0,0
Mon Sep 02 16:11:27 932 BST 2019,0,0,12864,1,1536,4608,0,5,1,1,9,0,0,1,2253,0,0,2252,0,53248,0,0,0,0,-1,-1,0,2
Mon Sep 02 16:11:57 932 BST 2019,0,0,12864,1,1536,4608,0,5,1,1,9,0,0,1,2256,0,0,2255,0,53248,0,0,0,0,-1,-1,0,0
Mon Sep 02 16:12:27 934 BST 2019,0,0,12864,1,1536,4608,0,5,1,1,9,0,0,1,2259,0,0,2258,0,53248,0,0,0,0,-1,-1,0,0
Mon Sep 02 16:12:57 936 BST 2019,0,0,12864,1,1536,4608,0,5,1,1,9,0,0,1,2262,0,0,2261,0,53248,0,0,0,0,-1,-1,0,1
Mon Sep 02 16:13:27 937 BST 2019,0,0,12864,1,1536,4608,0,5,1,1,9,0,0,1,2265,0,0,2264,0,53248,0,0,0,0,-1,-1,0,1
Mon Sep 02 16:13:57 939 BST 2019,0,0,12864,1,1536,4608,0,5,1,1,9,0,0,1,2268,0,0,2267,0,53248,0,0,0,0,-1,-1,0,1
Mon Sep 02 16:14:27 941 BST 2019,0,0,12864,1,1536,4608,0,5,1,1,9,0,0,1,2271,0,0,2270,0,53248,0,0,0,0,-1,-1,0,1
Mon Sep 02 16:14:57 942 BST 2019,0,0,12864,1,1536,4608,0,5,1,1,9,0,0,1,2274,0,0,2273,0,53248,0,0,0,0,-1,-1,0,1
Mon Sep 02 16:15:27 945 BST 2019,0,0,12864,1,1536,4608,0,5,1,1,9,0,0,1,2277,0,0,2276,0,53248,0,0,0,0,-1,-1,0,0
Mon Sep 02 16:15:57 949 BST 2019,0,0,12864,1,1536,4608,0,5,1,1,9,0,0,1,2280,0,0,2279,0,53248,0,0,0,0,-1,-1,0,2
Mon Sep 02 16:16:27 953 BST 2019,0,0,12864,1,1536,4608,0,5,1,1,9,0,0,1,2283,0,0,2282,0,53248,0,0,0,0,-1,-1,0,2
Mon Sep 02 16:16:57 955 BST 2019,0,0,12864,1,1536,4608,0,5,1,1,9,0,0,1,2286,0,0,2285,0,53248,0,0,0,0,-1,-1,0,0
Mon Sep 02 16:17:27 957 BST 2019,0,0,12864,1,1536,4608,0,5,1,1,9,0,0,1,2289,0,0,2288,0,53248,0,0,0,0,-1,-1,0,0
Mon Sep 02 16:17:57 958 BST 2019,0,0,12864,1,1536,4608,0,5,1,1,9,0,0,1,2292,0,0,2291,0,53248,0,0,0,0,-1,-1,0,0
Mon Sep 02 16:18:27 960 BST 2019,0,0,12864,1,1536,4608,0,5,1,1,9,0,0,1,2295,0,0,2294,0,53248,0,0,0,0,-1,-1,0,1
Mon Sep 02 16:18:57 961 BST 2019,0,0,12864,1,1536,4608,0,5,1,1,9,0,0,1,2298,0,0,2297,0,53248,0,0,0,0,-1,-1,0,0
Mon Sep 02 16:19:27 966 BST 2019,0,0,12864,1,1536,4608,0,5,1,1,9,0,0,1,2301,0,0,2300,0,53248,0,0,0,0,-1,-1,0,3
Mon Sep 02 16:19:57 966 BST 2019,0,0,12864,1,1536,4608,0,5,1,1,9,0,0,1,2304,0,0,2303,0,53248,0,0,0,0,-1,-1,0,0
Mon Sep 02 16:20:27 969 BST 2019,0,0,12864,1,1536,4608,0,5,1,1,9,0,0,1,2307,0,0,2306,0,53248,0,0,0,0,-1,-1,0,0
Mon Sep 02 16:20:57 970 BST 2019,0,0,12864,1,1536,4608,0,5,1,1,9,0,0,1,2310,0,0,2309,0,53248,0,0,0,0,-1,-1,0,1
Mon Sep 02 16:21:27 973 BST 2019,0,0,12864,1,1536,4608,0,5,1,1,9,0,0,1,2313,0,0,2312,0,53248,0,0,0,0,-1,-1,0,0
Mon Sep 02 16:21:57 976 BST 2019,0,0,12864,1,1536,4608,0,5,1,1,9,0,0,1,2316,0,0,2315,0,53248,0,0,0,0,-1,-1,0,2
Mon Sep 02 16:22:27 981 BST 2019,0,0,12864,1,1536,4608,0,5,1,1,9,0,0,1,2319,0,0,2318,0,53248,0,0,0,0,-1,-1,0,3
Mon Sep 02 16:22:57 983 BST 2019,0,0,12864,1,1536,4608,0,5,1,1,9,0,0,1,2322,0,0,2321,0,53248,0,0,0,0,-1,-1,0,0
Mon Sep 02 16:23:27 986 BST 2019,0,0,12864,1,1536,4608,0,5,1,1,9,0,0,1,2325,0,0,2324,0,53248,0,0,0,0,-1,-1,0,2
Mon Sep 02 16:23:57 988 BST 2019,0,0,12864,1,1536,4608,0,5,1,1,9,0,0,1,2328,0,0,2327,0,53248,0,0,0,0,-1,-1,0,0
Mon Sep 02 16:24:27 991 BST 2019,0,0,12864,1,1536,4608,0,5,1,1,9,0,0,1,2331,0,0,2330,0,53248,0,0,0,0,-1,-1,0,2
Mon Sep 02 16:24:57 992 BST 2019,0,0,12864,1,1536,4608,0,5,1,1,9,0,0,1,2334,0,0,2333,0,53248,0,0,0,0,-1,-1,0,0
Mon Sep 02 16:25:27 994 BST 2019,0,0,12864,1,1536,4608,0,5,1,1,9,0,0,1,2337,0,0,2336,0,53248,0,0,0,0,-1,-1,0,1
Mon Sep 02 16:25:57 998 BST 2019,0,0,12864,1,1536,4608,0,5,1,1,9,0,0,1,2340,0,0,2339,0,53248,0,0,0,0,-1,-1,0,2
Mon Sep 02 16:26:28 001 BST 2019,0,0,12864,1,1536,4608,0,5,1,1,9,0,0,1,2345,0,0,2344,0,53248,0,0,0,0,-1,-1,0,0
Mon Sep 02 16:26:58 003 BST 2019,0,0,12864,1,1536,4608,0,5,1,1,9,0,0,1,2348,0,0,2347,0,53248,0,0,0,0,-1,-1,0,2
Mon Sep 02 16:27:28 008 BST 2019,0,0,12864,1,1536,4608,0,5,1,1,9,0,0,1,2351,0,0,2350,0,53248,0,0,0,0,-1,-1,0,2
Mon Sep 02 16:27:58 012 BST 2019,0,0,12864,1,1536,4608,0,5,1,1,9,0,0,1,2354,0,0,2353,0,53248,0,0,0,0,-1,-1,0,2
Mon Sep 02 16:28:28 017 BST 2019,0,0,12864,1,1536,4608,0,5,1,1,9,0,0,1,2357,0,0,2356,0,53248,0,0,0,0,-1,-1,0,2
Mon Sep 02 16:28:58 019 BST 2019,0,0,12864,1,1536,4608,0,5,1,1,9,0,0,1,2360,0,0,2359,0,53248,0,0,0,0,-1,-1,0,0
Mon Sep 02 16:29:28 022 BST 2019,0,0,12864,1,1536,4608,0,5,1,1,9,0,0,1,2363,0,0,2362,0,53248,0,0,0,0,-1,-1,0,2
Mon Sep 02 16:29:58 026 BST 2019,0,0,12864,1,1536,4608,0,5,1,1,9,0,0,1,2366,0,0,2365,0,53248,0,0,0,0,-1,-1,0,2
Mon Sep 02 16:30:28 031 BST 2019,0,0,12864,1,1536,4608,0,5,1,1,9,0,0,1,2369,0,0,2368,0,53248,0,0,0,0,-1,-1,0,2
Mon Sep 02 16:30:58 034 BST 2019,0,0,12864,1,1536,4608,0,5,1,1,9,0,0,1,2372,0,0,2371,0,53248,0,0,0,0,-1,-1,0,2
Mon Sep 02 16:31:28 037 BST 2019,0,0,12864,1,1536,4608,0,5,1,1,9,0,0,1,2375,0,0,2374,0,53248,0,0,0,0,-1,-1,0,2
Mon Sep 02 16:31:58 040 BST 2019,0,0,12864,1,1536,4608,0,5,1,1,9,0,0,1,2378,0,0,2377,0,53248,0,0,0,0,-1,-1,0,2
Mon Sep 02 16:32:28 044 BST 2019,0,0,12864,1,1536,4608,0,5,1,1,9,0,0,1,2381,0,0,2380,0,53248,0,0,0,0,-1,-1,0,2
Mon Sep 02 16:32:58 046 BST 2019,0,0,12864,1,1536,4608,0,5,1,1,9,0,0,1,2384,0,0,2383,0,53248,0,0,0,0,-1,-1,0,0
Mon Sep 02 16:33:28 051 BST 2019,0,0,12864,1,1536,4608,0,5,1,1,9,0,0,1,2387,0,0,2386,0,53248,0,0,0,0,-1,-1,0,2
Mon Sep 02 16:33:58 055 BST 2019,0,0,12864,1,1536,4608,0,5,1,1,9,0,0,1,2390,0,0,2389,0,53248,0,0,0,0,-1,-1,0,2
Mon Sep 02 16:34:28 057 BST 2019,0,0,12864,1,1536,4608,0,5,1,1,9,0,0,1,2393,0,0,2392,0,53248,0,0,0,0,-1,-1,0,0
Mon Sep 02 16:34:58 061 BST 2019,0,0,12864,1,1536,4608,0,5,1,1,9,0,0,1,2396,0,0,2395,0,53248,0,0,0,0,-1,-1,0,2
Mon Sep 02 16:35:28 064 BST 2019,0,0,12864,1,1536,4608,0,5,1,1,9,0,0,1,2399,0,0,2398,0,53248,0,0,0,0,-1,-1,0,2
Mon Sep 02 16:35:58 068 BST 2019,0,0,12864,1,1536,4608,0,5,1,1,9,0,0,1,2402,0,0,2401,0,53248,0,0,0,0,-1,-1,0,2
Mon Sep 02 16:36:28 070 BST 2019,0,0,12864,1,1536,4608,0,5,1,1,9,0,0,1,2405,0,0,2404,0,53248,0,0,0,0,-1,-1,0,2
Mon Sep 02 16:36:58 075 BST 2019,0,0,12864,1,1536,4608,0,5,1,1,9,0,0,1,2408,0,0,2407,0,53248,0,0,0,0,-1,-1,0,2
Mon Sep 02 16:37:28 079 BST 2019,0,0,12864,1,1536,4608,0,5,1,1,9,0,0,1,2411,0,0,2410,0,53248,0,0,0,0,-1,-1,0,2
Mon Sep 02 16:37:58 082 BST 2019,0,0,12864,1,1536,4608,0,5,1,1,9,0,0,1,2414,0,0,2413,0,53248,0,0,0,0,-1,-1,0,2
Mon Sep 02 16:38:28 085 BST 2019,0,0,12864,1,1536,4608,0,5,1,1,9,0,0,1,2417,0,0,2416,0,53248,0,0,0,0,-1,-1,0,2
Mon Sep 02 16:38:58 089 BST 2019,0,0,12864,1,1536,4608,0,5,1,1,9,0,0,1,2420,0,0,2419,0,53248,0,0,0,0,-1,-1,0,2
Mon Sep 02 16:39:28 092 BST 2019,0,0,12864,1,1536,4608,0,5,1,1,9,0,0,1,2423,0,0,2422,0,53248,0,0,0,0,-1,-1,0,2
Mon Sep 02 16:39:58 096 BST 2019,0,0,12864,1,1536,4608,0,5,1,1,9,0,0,1,2426,0,0,2425,0,53248,0,0,0,0,-1,-1,0,2
Mon Sep 02 16:40:28 099 BST 2019,0,0,12864,1,1536,4608,0,5,1,1,9,0,0,1,2429,0,0,2428,0,53248,0,0,0,0,-1,-1,0,2
Mon Sep 02 16:40:58 103 BST 2019,0,0,12864,1,1536,4608,0,5,1,1,9,0,0,1,2432,0,0,2431,0,53248,0,0,0,0,-1,-1,0,2
Mon Sep 02 16:41:28 106 BST 2019,0,0,12864,1,1536,4608,0,5,1,1,9,0,0,1,2435,0,0,2434,0,53248,0,0,0,0,-1,-1,0,2
Mon Sep 02 16:41:58 111 BST 2019,0,0,12864,1,1536,4608,0,5,1,1,9,0,0,1,2438,0,0,2437,0,53248,0,0,0,0,-1,-1,0,2
Mon Sep 02 16:42:28 114 BST 2019,0,0,12864,1,1536,4608,0,5,1,1,9,0,0,1,2441,0,0,2440,0,53248,0,0,0,0,-1,-1,0,2
Mon Sep 02 16:42:58 119 BST 2019,0,0,12864,1,1536,4608,0,5,1,1,9,0,0,1,2444,0,0,2443,0,53248,0,0,0,0,-1,-1,0,2
Mon Sep 02 16:43:28 122 BST 2019,0,0,12864,1,1536,4608,0,5,1,1,9,0,0,1,2447,0,0,2446,0,53248,0,0,0,0,-1,-1,0,2
Mon Sep 02 16:43:58 125 BST 2019,0,0,12864,1,1536,4608,0,5,1,1,9,0,0,1,2450,0,0,2449,0,53248,0,0,0,0,-1,-1,0,2
Mon Sep 02 16:44:28 129 BST 2019,0,0,12864,1,1536,4608,0,5,1,1,9,0,0,1,2453,0,0,2452,0,53248,0,0,0,0,-1,-1,0,2
Mon Sep 02 16:44:58 133 BST 2019,0,0,12864,1,1536,4608,0,5,1,1,9,0,0,1,2456,0,0,2455,0,53248,0,0,0,0,-1,-1,0,2
Mon Sep 02 16:45:28 136 BST 2019,0,0,12864,1,1536,4608,0,5,1,1,9,0,0,1,2459,0,0,2458,0,53248,0,0,0,0,-1,-1,0,2
Mon Sep 02 16:45:58 138 BST 2019,0,0,12864,1,1536,4608,0,5,1,1,9,0,0,1,2462,0,0,2461,0,53248,0,0,0,0,-1,-1,0,0
Mon Sep 02 16:46:28 141 BST 2019,0,0,12864,1,1536,4608,0,5,1,1,9,0,0,1,2465,0,0,2464,0,53248,0,0,0,0,-1,-1,0,2
Mon Sep 02 16:46:58 144 BST 2019,0,0,12864,1,1536,4608,0,5,1,1,9,0,0,1,2468,0,0,2467,0,53248,0,0,0,0,-1,-1,0,2
Mon Sep 02 16:47:28 148 BST 2019,0,0,12864,1,1536,4608,0,5,1,1,9,0,0,1,2471,0,0,2470,0,53248,0,0,0,0,-1,-1,0,2
Mon Sep 02 16:47:58 151 BST 2019,0,0,12864,1,1536,4608,0,5,1,1,9,0,0,1,2474,0,0,2473,0,53248,0,0,0,0,-1,-1,0,2
Mon Sep 02 16:48:28 154 BST 2019,0,0,12864,1,1536,4608,0,5,1,1,9,0,0,1,2477,0,0,2476,0,53248,0,0,0,0,-1,-1,0,2
Mon Sep 02 16:48:58 157 BST 2019,0,0,12864,1,1536,4608,0,5,1,1,9,0,0,1,2480,0,0,2479,0,53248,0,0,0,0,-1,-1,0,2
Mon Sep 02 16:49:28 160 BST 2019,0,0,12864,1,1536,4608,0,5,1,1,9,0,0,1,2483,0,0,2482,0,53248,0,0,0,0,-1,-1,0,2
Mon Sep 02 16:49:58 165 BST 2019,0,0,12864,1,1536,4608,0,5,1,1,9,0,0,1,2486,0,0,2485,0,53248,0,0,0,0,-1,-1,0,2
Mon Sep 02 16:50:28 169 BST 2019,0,0,12864,1,1536,4608,0,5,1,1,9,0,0,1,2489,0,0,2488,0,53248,0,0,0,0,-1,-1,0,2
Mon Sep 02 16:50:58 172 BST 2019,0,0,12864,1,1536,4608,0,5,1,1,9,0,0,1,2492,0,0,2491,0,53248,0,0,0,0,-1,-1,0,2
Mon Sep 02 16:51:28 176 BST 2019,0,0,12864,1,1536,4608,0,5,1,1,9,0,0,1,2495,0,0,2494,0,53248,0,0,0,0,-1,-1,0,2
Mon Sep 02 16:51:58 179 BST 2019,0,0,12864,1,1536,4608,0,5,1,1,9,0,0,1,2498,0,0,2497,0,53248,0,0,0,0,-1,-1,0,2
Mon Sep 02 16:52:28 182 BST 2019,0,0,12864,1,1536,4608,0,5,1,1,9,0,0,1,2501,0,0,2500,0,53248,0,0,0,0,-1,-1,0,2
Mon Sep 02 16:52:58 186 BST 2019,0,0,12864,1,1536,4608,0,5,1,1,9,0,0,1,2504,0,0,2503,0,53248,0,0,0,0,-1,-1,0,2
Mon Sep 02 16:53:28 190 BST 2019,0,0,12864,1,1536,4608,0,5,1,1,9,0,0,1,2507,0,0,2506,0,53248,0,0,0,0,-1,-1,0,2
Mon Sep 02 16:53:58 194 BST 2019,0,0,12864,1,1536,4608,0,5,1,1,9,0,0,1,2510,0,0,2509,0,53248,0,0,0,0,-1,-1,0,2
Mon Sep 02 16:54:28 197 BST 2019,0,0,12864,1,1536,4608,0,5,1,1,9,0,0,1,2513,0,0,2512,0,53248,0,0,0,0,-1,-1,0,2
Mon Sep 02 16:54:58 201 BST 2019,0,0,12864,1,1536,4608,0,5,1,1,9,0,0,1,2516,0,0,2515,0,53248,0,0,0,0,-1,-1,0,2
Mon Sep 02 16:55:28 205 BST 2019,0,0,12864,1,1536,4608,0,5,1,1,9,0,0,1,2519,0,0,2518,0,53248,0,0,0,0,-1,-1,0,2
Mon Sep 02 16:55:58 209 BST 2019,0,0,12864,1,1536,4608,0,5,1,1,9,0,0,1,2522,0,0,2521,0,53248,0,0,0,0,-1,-1,0,2
Mon Sep 02 16:56:28 212 BST 2019,0,0,12864,1,1536,4608,0,5,1,1,9,0,0,1,2525,0,0,2524,0,53248,0,0,0,0,-1,-1,0,2
Mon Sep 02 16:56:58 214 BST 2019,0,0,12864,1,1536,4608,0,5,1,1,9,0,0,1,2528,0,0,2527,0,53248,0,0,0,0,-1,-1,0,0
Mon Sep 02 16:57:28 218 BST 2019,0,0,12864,1,1536,4608,0,5,1,1,9,0,0,1,2531,0,0,2530,0,53248,0,0,0,0,-1,-1,0,2
Mon Sep 02 16:57:58 223 BST 2019,0,0,12864,1,1536,4608,0,5,1,1,9,0,0,1,2534,0,0,2533,0,53248,0,0,0,0,-1,-1,0,2
Mon Sep 02 16:58:28 226 BST 2019,0,0,12864,1,1536,4608,0,5,1,1,9,0,0,1,2537,0,0,2536,0,53248,0,0,0,0,-1,-1,0,2
Mon Sep 02 16:58:58 230 BST 2019,0,0,12864,1,1536,4608,0,5,1,1,9,0,0,1,2540,0,0,2539,0,53248,0,0,0,0,-1,-1,0,2
Mon Sep 02 16:59:28 233 BST 2019,0,0,12864,1,1536,4608,0,5,1,1,9,0,0,1,2543,0,0,2542,0,53248,0,0,0,0,-1,-1,0,2
Mon Sep 02 16:59:58 236 BST 2019,0,0,12864,1,1536,4608,0,5,1,1,9,0,0,1,2546,0,0,2545,0,53248,0,0,0,0,-1,-1,0,2
Mon Sep 02 17:00:28 238 BST 2019,0,0,12864,1,1536,4608,0,5,1,1,9,0,0,1,2549,0,0,2548,0,53248,0,0,0,0,-1,-1,0,1
Mon Sep 02 17:00:58 239 BST 2019,0,0,12864,1,1536,4608,0,5,1,1,9,0,0,1,2552,0,0,2551,0,53248,0,0,0,0,-1,-1,0,0
Mon Sep 02 17:01:28 242 BST 2019,0,0,12864,1,1536,4608,0,5,1,1,9,0,0,1,2555,0,0,2554,0,53248,0,0,0,0,-1,-1,0,0
Mon Sep 02 17:01:58 245 BST 2019,0,0,12864,1,1536,4608,0,5,1,1,9,0,0,1,2558,0,0,2557,0,53248,0,0,0,0,-1,-1,0,2
Mon Sep 02 17:02:28 247 BST 2019,0,0,12864,1,1536,4608,0,5,1,1,9,0,0,1,2561,0,0,2560,0,53248,0,0,0,0,-1,-1,0,0
Mon Sep 02 17:02:58 251 BST 2019,0,0,12864,1,1536,4608,0,5,1,1,9,0,0,1,2564,0,0,2563,0,53248,0,0,0,0,-1,-1,0,2
Mon Sep 02 17:03:28 251 BST 2019,0,0,12864,1,1536,4608,0,5,1,1,9,0,0,1,2567,0,0,2566,0,53248,0,0,0,0,-1,-1,0,0
Mon Sep 02 17:03:58 255 BST 2019,0,0,12864,1,1536,4608,0,5,1,1,9,0,0,1,2570,0,0,2569,0,53248,0,0,0,0,-1,-1,0,2
Mon Sep 02 17:04:28 258 BST 2019,0,0,12864,1,1536,4608,0,5,1,1,9,0,0,1,2573,0,0,2572,0,53248,0,0,0,0,-1,-1,0,0
Mon Sep 02 17:04:58 259 BST 2019,0,0,12864,1,1536,4608,0,5,1,1,9,0,0,1,2576,0,0,2575,0,53248,0,0,0,0,-1,-1,0,0
Mon Sep 02 17:05:28 260 BST 2019,0,0,12864,1,1536,4608,0,5,1,1,9,0,0,1,2579,0,0,2578,0,53248,0,0,0,0,-1,-1,0,0
Mon Sep 02 17:05:58 264 BST 2019,0,0,12864,1,1536,4608,0,5,1,1,9,0,0,1,2582,0,0,2581,0,53248,0,0,0,0,-1,-1,0,2
Mon Sep 02 17:06:28 265 BST 2019,0,0,12864,1,1536,4608,0,5,1,1,9,0,0,1,2585,0,0,2584,0,53248,0,0,0,0,-1,-1,0,0
Mon Sep 02 17:06:58 269 BST 2019,0,0,12864,1,1536,4608,0,5,1,1,9,0,0,1,2588,0,0,2587,0,53248,0,0,0,0,-1,-1,0,2
Mon Sep 02 17:07:28 271 BST 2019,0,0,12864,1,1536,4608,0,5,1,1,9,0,0,1,2591,0,0,2590,0,53248,0,0,0,0,-1,-1,0,1
Mon Sep 02 17:07:58 274 BST 2019,0,0,12864,1,1536,4608,0,5,1,1,9,0,0,1,2594,0,0,2593,0,53248,0,0,0,0,-1,-1,0,2
Mon Sep 02 17:08:28 276 BST 2019,0,0,12864,1,1536,4608,0,5,1,1,9,0,0,1,2597,0,0,2596,0,53248,0,0,0,0,-1,-1,0,1
Mon Sep 02 17:08:58 276 BST 2019,0,0,12864,1,1536,4608,0,5,1,1,9,0,0,1,2600,0,0,2599,0,53248,0,0,0,0,-1,-1,0,0
Mon Sep 02 17:09:28 280 BST 2019,0,0,12864,1,1536,4608,0,5,1,1,9,0,0,1,2603,0,0,2602,0,53248,0,0,0,0,-1,-1,0,1
Mon Sep 02 17:09:58 284 BST 2019,0,0,12864,1,1536,4608,0,5,1,1,9,0,0,1,2606,0,0,2605,0,53248,0,0,0,0,-1,-1,0,2
Mon Sep 02 17:10:28 285 BST 2019,0,0,12864,1,1536,4608,0,5,1,1,9,0,0,1,2609,0,0,2608,0,53248,0,0,0,0,-1,-1,0,1
Mon Sep 02 17:10:58 289 BST 2019,0,0,12864,1,1536,4608,0,5,1,1,9,0,0,1,2612,0,0,2611,0,53248,0,0,0,0,-1,-1,0,2
Mon Sep 02 17:11:28 291 BST 2019,0,0,12864,1,1536,4608,0,5,1,1,9,0,0,1,2615,0,0,2614,0,53248,0,0,0,0,-1,-1,0,1
Mon Sep 02 17:11:58 294 BST 2019,0,0,12864,1,1536,4608,0,5,1,1,9,0,0,1,2618,0,0,2617,0,53248,0,0,0,0,-1,-1,0,2
Mon Sep 02 17:12:28 296 BST 2019,0,0,12864,1,1536,4608,0,5,1,1,9,0,0,1,2621,0,0,2620,0,53248,0,0,0,0,-1,-1,0,0
Mon Sep 02 17:12:58 297 BST 2019,0,0,12864,1,1536,4608,0,5,1,1,9,0,0,1,2624,0,0,2623,0,53248,0,0,0,0,-1,-1,0,0
Mon Sep 02 17:13:28 300 BST 2019,0,0,12864,1,1536,4608,0,5,1,1,9,0,0,1,2627,0,0,2626,0,53248,0,0,0,0,-1,-1,0,1
Mon Sep 02 17:13:58 303 BST 2019,0,0,12864,1,1536,4608,0,5,1,1,9,0,0,1,2630,0,0,2629,0,53248,0,0,0,0,-1,-1,0,2
Mon Sep 02 17:14:28 306 BST 2019,0,0,12864,1,1536,4608,0,5,1,1,9,0,0,1,2633,0,0,2632,0,53248,0,0,0,0,-1,-1,0,2
Mon Sep 02 17:14:58 310 BST 2019,0,0,12864,1,1536,4608,0,5,1,1,9,0,0,1,2636,0,0,2635,0,53248,0,0,0,0,-1,-1,0,2
Mon Sep 02 17:15:28 313 BST 2019,0,0,12864,1,1536,4608,0,5,1,1,9,0,0,1,2639,0,0,2638,0,53248,0,0,0,0,-1,-1,0,2
Mon Sep 02 17:15:58 316 BST 2019,0,0,12864,1,1536,4608,0,5,1,1,9,0,0,1,2642,0,0,2641,0,53248,0,0,0,0,-1,-1,0,2
Mon Sep 02 17:16:28 319 BST 2019,0,0,12864,1,1536,4608,0,5,1,1,9,0,0,1,2645,0,0,2644,0,53248,0,0,0,0,-1,-1,0,1
Mon Sep 02 17:16:58 320 BST 2019,0,0,12864,1,1536,4608,0,5,1,1,9,0,0,1,2648,0,0,2647,0,53248,0,0,0,0,-1,-1,0,0
Mon Sep 02 17:17:28 324 BST 2019,0,0,12864,1,1536,4608,0,5,1,1,9,0,0,1,2651,0,0,2650,0,53248,0,0,0,0,-1,-1,0,2
Mon Sep 02 17:17:58 326 BST 2019,0,0,12864,1,1536,4608,0,5,1,1,9,0,0,1,2654,0,0,2653,0,53248,0,0,0,0,-1,-1,0,0
Mon Sep 02 17:18:28 329 BST 2019,0,0,12864,1,1536,4608,0,5,1,1,9,0,0,1,2657,0,0,2656,0,53248,0,0,0,0,-1,-1,0,2
Mon Sep 02 17:18:58 333 BST 2019,0,0,12864,1,1536,4608,0,5,1,1,9,0,0,1,2660,0,0,2659,0,53248,0,0,0,0,-1,-1,0,2
Mon Sep 02 17:19:28 338 BST 2019,0,0,12864,1,1536,4608,0,5,1,1,9,0,0,1,2663,0,0,2662,0,53248,0,0,0,0,-1,-1,0,2
Mon Sep 02 17:19:58 341 BST 2019,0,0,12864,1,1536,4608,0,5,1,1,9,0,0,1,2666,0,0,2665,0,53248,0,0,0,0,-1,-1,0,2
Mon Sep 02 17:20:28 345 BST 2019,0,0,12864,1,1536,4608,0,5,1,1,9,0,0,1,2669,0,0,2668,0,53248,0,0,0,0,-1,-1,0,2
Mon Sep 02 17:20:58 349 BST 2019,0,0,12864,1,1536,4608,0,5,1,1,9,0,0,1,2672,0,0,2671,0,53248,0,0,0,0,-1,-1,0,2
Mon Sep 02 17:21:28 352 BST 2019,0,0,12864,1,1536,4608,0,5,1,1,9,0,0,1,2675,0,0,2674,0,53248,0,0,0,0,-1,-1,0,2
Mon Sep 02 17:21:58 356 BST 2019,0,0,12864,1,1536,4608,0,5,1,1,9,0,0,1,2678,0,0,2677,0,53248,0,0,0,0,-1,-1,0,2
Mon Sep 02 17:22:28 360 BST 2019,0,0,12864,1,1536,4608,0,5,1,1,9,0,0,1,2681,0,0,2680,0,53248,0,0,0,0,-1,-1,0,2
Mon Sep 02 17:22:58 361 BST 2019,0,0,12864,1,1536,4608,0,5,1,1,9,0,0,1,2684,0,0,2683,0,53248,0,0,0,0,-1,-1,0,0
Mon Sep 02 17:23:28 365 BST 2019,0,0,12864,1,1536,4608,0,5,1,1,9,0,0,1,2687,0,0,2686,0,53248,0,0,0,0,-1,-1,0,2
Mon Sep 02 17:23:58 369 BST 2019,0,0,12864,1,1536,4608,0,5,1,1,9,0,0,1,2690,0,0,2689,0,53248,0,0,0,0,-1,-1,0,2
Mon Sep 02 17:24:28 372 BST 2019,0,0,12864,1,1536,4608,0,5,1,1,9,0,0,1,2693,0,0,2692,0,53248,0,0,0,0,-1,-1,0,2
Mon Sep 02 17:24:58 376 BST 2019,0,0,12864,1,1536,4608,0,5,1,1,9,0,0,1,2696,0,0,2695,0,53248,0,0,0,0,-1,-1,0,2
Mon Sep 02 17:25:28 379 BST 2019,0,0,12864,1,1536,4608,0,5,1,1,9,0,0,1,2699,0,0,2698,0,53248,0,0,0,0,-1,-1,0,2
Mon Sep 02 17:25:58 382 BST 2019,0,0,12864,1,1536,4608,0,5,1,1,9,0,0,1,2702,0,0,2701,0,53248,0,0,0,0,-1,-1,0,2
Mon Sep 02 17:26:28 386 BST 2019,0,0,12864,1,1536,4608,0,5,1,1,9,0,0,1,2705,0,0,2704,0,53248,0,0,0,0,-1,-1,0,2
Mon Sep 02 17:26:58 390 BST 2019,0,0,12864,1,1536,4608,0,5,1,1,9,0,0,1,2708,0,0,2707,0,53248,0,0,0,0,-1,-1,0,2
Mon Sep 02 17:27:28 390 BST 2019,0,0,12864,1,1536,4608,0,5,1,1,9,0,0,1,2711,0,0,2710,0,53248,0,0,0,0,-1,-1,0,0
Mon Sep 02 17:27:58 393 BST 2019,0,0,12864,1,1536,4608,0,5,1,1,9,0,0,1,2714,0,0,2713,0,53248,0,0,0,0,-1,-1,0,2
Mon Sep 02 17:28:28 396 BST 2019,0,0,12864,1,1536,4608,0,5,1,1,9,0,0,1,2717,0,0,2716,0,53248,0,0,0,0,-1,-1,0,1
Mon Sep 02 17:28:58 400 BST 2019,0,0,12864,1,1536,4608,0,5,1,1,9,0,0,1,2720,0,0,2719,0,53248,0,0,0,0,-1,-1,0,2
Mon Sep 02 17:29:28 401 BST 2019,0,0,12864,1,1536,4608,0,5,1,1,9,0,0,1,2723,0,0,2722,0,53248,0,0,0,0,-1,-1,0,1
Mon Sep 02 17:29:58 405 BST 2019,0,0,12864,1,1536,4608,0,5,1,1,9,0,0,1,2726,0,0,2725,0,53248,0,0,0,0,-1,-1,0,2
Mon Sep 02 17:30:28 406 BST 2019,0,0,12864,1,1536,4608,0,5,1,1,9,0,0,1,2729,0,0,2728,0,53248,0,0,0,0,-1,-1,0,0
Mon Sep 02 17:30:58 407 BST 2019,0,0,12864,1,1536,4608,0,5,1,1,9,0,0,1,2732,0,0,2731,0,53248,0,0,0,0,-1,-1,0,0
Mon Sep 02 17:31:28 408 BST 2019,0,0,12864,1,1536,4608,0,5,1,1,9,0,0,1,2735,0,0,2734,0,53248,0,0,0,0,-1,-1,0,0
Mon Sep 02 17:31:58 412 BST 2019,0,0,12864,1,1536,4608,0,5,1,1,9,0,0,1,2738,0,0,2737,0,53248,0,0,0,0,-1,-1,0,2
Mon Sep 02 17:32:28 415 BST 2019,0,0,12864,1,1536,4608,0,5,1,1,9,0,0,1,2741,0,0,2740,0,53248,0,0,0,0,-1,-1,0,2
Mon Sep 02 17:32:58 418 BST 2019,0,0,12864,1,1536,4608,0,5,1,1,9,0,0,1,2744,0,0,2743,0,53248,0,0,0,0,-1,-1,0,2
Mon Sep 02 17:33:28 422 BST 2019,0,0,12864,1,1536,4608,0,5,1,1,9,0,0,1,2747,0,0,2746,0,53248,0,0,0,0,-1,-1,0,3
Mon Sep 02 17:33:58 425 BST 2019,0,0,12864,1,1536,4608,0,5,1,1,9,0,0,1,2750,0,0,2749,0,53248,0,0,0,0,-1,-1,0,2
Mon Sep 02 17:34:28 427 BST 2019,0,0,12864,1,1536,4608,0,5,1,1,9,0,0,1,2753,0,0,2752,0,53248,0,0,0,0,-1,-1,0,1
Mon Sep 02 17:34:58 430 BST 2019,0,0,12864,1,1536,4608,0,5,1,1,9,0,0,1,2756,0,0,2755,0,53248,0,0,0,0,-1,-1,0,2
Mon Sep 02 17:35:28 432 BST 2019,0,0,12864,1,1536,4608,0,5,1,1,9,0,0,1,2759,0,0,2758,0,53248,0,0,0,0,-1,-1,0,0
Mon Sep 02 17:35:58 434 BST 2019,0,0,12864,1,1536,4608,0,5,1,1,9,0,0,1,2762,0,0,2761,0,53248,0,0,0,0,-1,-1,0,1
Mon Sep 02 17:36:28 435 BST 2019,0,0,12864,1,1536,4608,0,5,1,1,9,0,0,1,2765,0,0,2764,0,53248,0,0,0,0,-1,-1,0,1
Mon Sep 02 17:36:58 438 BST 2019,0,0,12864,1,1536,4608,0,5,1,1,9,0,0,1,2768,0,0,2767,0,53248,0,0,0,0,-1,-1,0,1
Mon Sep 02 17:37:28 439 BST 2019,0,0,12864,1,1536,4608,0,5,1,1,9,0,0,1,2771,0,0,2770,0,53248,0,0,0,0,-1,-1,0,1
Mon Sep 02 17:37:58 441 BST 2019,0,0,12864,1,1536,4608,0,5,1,1,9,0,0,1,2774,0,0,2773,0,53248,0,0,0,0,-1,-1,0,0
Mon Sep 02 17:38:28 443 BST 2019,0,0,12864,1,1536,4608,0,5,1,1,9,0,0,1,2777,0,0,2776,0,53248,0,0,0,0,-1,-1,0,3
Mon Sep 02 17:38:58 451 BST 2019,0,0,12864,1,1536,4608,0,5,1,1,9,0,0,1,2780,0,0,2779,0,53248,0,0,0,0,-1,-1,0,3
Mon Sep 02 17:39:28 454 BST 2019,0,0,12864,1,1536,4608,0,5,1,1,9,0,0,1,2783,0,0,2782,0,53248,0,0,0,0,-1,-1,0,1
Mon Sep 02 17:39:58 455 BST 2019,0,0,12864,1,1536,4608,0,5,1,1,9,0,0,1,2786,0,0,2785,0,53248,0,0,0,0,-1,-1,0,1
Mon Sep 02 17:40:28 459 BST 2019,0,0,12864,1,1536,4608,0,5,1,1,9,0,0,1,2789,0,0,2788,0,53248,0,0,0,0,-1,-1,0,2
Mon Sep 02 17:40:58 463 BST 2019,0,0,12864,1,1536,4608,0,5,1,1,9,0,0,1,2792,0,0,2791,0,53248,0,0,0,0,-1,-1,0,1
Mon Sep 02 17:41:28 467 BST 2019,0,0,12864,1,1536,4608,0,5,1,1,9,0,0,1,2795,0,0,2794,0,53248,0,0,0,0,-1,-1,0,2
Mon Sep 02 17:41:58 470 BST 2019,0,0,12864,1,1536,4608,0,5,1,1,9,0,0,1,2798,0,0,2797,0,53248,0,0,0,0,-1,-1,0,1
Mon Sep 02 17:42:28 474 BST 2019,0,0,12864,1,1536,4608,0,5,1,1,9,0,0,1,2801,0,0,2800,0,53248,0,0,0,0,-1,-1,0,1
Mon Sep 02 17:42:58 476 BST 2019,0,0,12864,1,1536,4608,0,5,1,1,9,0,0,1,2804,0,0,2803,0,53248,0,0,0,0,-1,-1,0,1
Mon Sep 02 17:43:28 479 BST 2019,0,0,12864,1,1536,4608,0,5,1,1,9,0,0,1,2807,0,0,2806,0,53248,0,0,0,0,-1,-1,0,2
Mon Sep 02 17:43:58 480 BST 2019,0,0,12864,1,1536,4608,0,5,1,1,9,0,0,1,2810,0,0,2809,0,53248,0,0,0,0,-1,-1,0,0
Mon Sep 02 17:44:28 484 BST 2019,0,0,12864,1,1536,4608,0,5,1,1,9,0,0,1,2813,0,0,2812,0,53248,0,0,0,0,-1,-1,0,2
Mon Sep 02 17:44:58 488 BST 2019,0,0,12864,1,1536,4608,0,5,1,1,9,0,0,1,2816,0,0,2815,0,53248,0,0,0,0,-1,-1,0,2
Mon Sep 02 17:45:28 491 BST 2019,0,0,12864,1,1536,4608,0,5,1,1,9,0,0,1,2819,0,0,2818,0,53248,0,0,0,0,-1,-1,0,3
Mon Sep 02 17:45:58 495 BST 2019,0,0,12864,1,1536,4608,0,5,1,1,9,0,0,1,2822,0,0,2821,0,53248,0,0,0,0,-1,-1,0,2
Mon Sep 02 17:46:28 498 BST 2019,0,0,12864,1,1536,4608,0,5,1,1,9,0,0,1,2825,0,0,2824,0,53248,0,0,0,0,-1,-1,0,1
Mon Sep 02 17:46:58 500 BST 2019,0,0,12864,1,1536,4608,0,5,1,1,9,0,0,1,2828,0,0,2827,0,53248,0,0,0,0,-1,-1,0,0
Mon Sep 02 17:47:28 503 BST 2019,0,0,12864,1,1536,4608,0,5,1,1,9,0,0,1,2831,0,0,2830,0,53248,0,0,0,0,-1,-1,0,1
Mon Sep 02 17:47:58 506 BST 2019,0,0,12864,1,1536,4608,0,5,1,1,9,0,0,1,2834,0,0,2833,0,53248,0,0,0,0,-1,-1,0,2
Mon Sep 02 17:48:28 510 BST 2019,0,0,12864,1,1536,4608,0,5,1,1,9,0,0,1,2837,0,0,2836,0,53248,0,0,0,0,-1,-1,0,2
Mon Sep 02 17:48:58 512 BST 2019,0,0,12864,1,1536,4608,0,5,1,1,9,0,0,1,2840,0,0,2839,0,53248,0,0,0,0,-1,-1,0,1
Mon Sep 02 17:49:28 516 BST 2019,0,0,12864,1,1536,4608,0,5,1,1,9,0,0,1,2843,0,0,2842,0,53248,0,0,0,0,-1,-1,0,3
Mon Sep 02 17:49:58 520 BST 2019,0,0,12864,1,1536,4608,0,5,1,1,9,0,0,1,2846,0,0,2845,0,53248,0,0,0,0,-1,-1,0,1
Mon Sep 02 17:50:28 522 BST 2019,0,0,12864,1,1536,4608,0,5,1,1,9,0,0,1,2849,0,0,2848,0,53248,0,0,0,0,-1,-1,0,1
Mon Sep 02 17:50:58 524 BST 2019,0,0,12864,1,1536,4608,0,5,1,1,9,0,0,1,2852,0,0,2851,0,53248,0,0,0,0,-1,-1,0,1
Mon Sep 02 17:51:28 527 BST 2019,0,0,12864,1,1536,4608,0,5,1,1,9,0,0,1,2855,0,0,2854,0,53248,0,0,0,0,-1,-1,0,2
Mon Sep 02 17:51:58 530 BST 2019,0,0,12864,1,1536,4608,0,5,1,1,9,0,0,1,2858,0,0,2857,0,53248,0,0,0,0,-1,-1,0,1
Mon Sep 02 17:52:28 533 BST 2019,0,0,12864,1,1536,4608,0,5,1,1,9,0,0,1,2861,0,0,2860,0,53248,0,0,0,0,-1,-1,0,2
Mon Sep 02 17:52:58 537 BST 2019,0,0,12864,1,1536,4608,0,5,1,1,9,0,0,1,2864,0,0,2863,0,53248,0,0,0,0,-1,-1,0,3
Mon Sep 02 17:53:28 540 BST 2019,0,0,12864,1,1536,4608,0,5,1,1,9,0,0,1,2867,0,0,2866,0,53248,0,0,0,0,-1,-1,0,2
Mon Sep 02 17:53:58 543 BST 2019,0,0,12864,1,1536,4608,0,5,1,1,9,0,0,1,2870,0,0,2869,0,53248,0,0,0,0,-1,-1,0,0
Mon Sep 02 17:54:28 543 BST 2019,0,0,12864,1,1536,4608,0,5,1,1,9,0,0,1,2873,0,0,2872,0,53248,0,0,0,0,-1,-1,0,0
Mon Sep 02 17:54:58 548 BST 2019,0,0,12864,1,1536,4608,0,5,1,1,9,0,0,1,2876,0,0,2875,0,53248,0,0,0,0,-1,-1,0,2
Mon Sep 02 17:55:28 552 BST 2019,0,0,12864,1,1536,4608,0,5,1,1,9,0,0,1,2879,0,0,2878,0,53248,0,0,0,0,-1,-1,0,1
Mon Sep 02 17:55:58 555 BST 2019,0,0,12864,1,1536,4608,0,5,1,1,9,0,0,1,2882,0,0,2881,0,53248,0,0,0,0,-1,-1,0,2
Mon Sep 02 17:56:28 558 BST 2019,0,0,12864,1,1536,4608,0,5,1,1,9,0,0,1,2885,0,0,2884,0,53248,0,0,0,0,-1,-1,0,2
Mon Sep 02 17:56:58 561 BST 2019,0,0,12864,1,1536,4608,0,5,1,1,9,0,0,1,2888,0,0,2887,0,53248,0,0,0,0,-1,-1,0,2
Mon Sep 02 17:57:28 565 BST 2019,0,0,12864,1,1536,4608,0,5,1,1,9,0,0,1,2891,0,0,2890,0,53248,0,0,0,0,-1,-1,0,3
Mon Sep 02 17:57:58 567 BST 2019,0,0,12864,1,1536,4608,0,5,1,1,9,0,0,1,2894,0,0,2893,0,53248,0,0,0,0,-1,-1,0,0
Mon Sep 02 17:58:28 567 BST 2019,0,0,12864,1,1536,4608,0,5,1,1,9,0,0,1,2897,0,0,2896,0,53248,0,0,0,0,-1,-1,0,0
Mon Sep 02 17:58:58 569 BST 2019,0,0,12864,1,1536,4608,0,5,1,1,9,0,0,1,2900,0,0,2899,0,53248,0,0,0,0,-1,-1,0,0
Mon Sep 02 17:59:28 573 BST 2019,0,0,12864,1,1536,4608,0,5,1,1,9,0,0,1,2903,0,0,2902,0,53248,0,0,0,0,-1,-1,0,2
Mon Sep 02 17:59:58 575 BST 2019,0,0,12864,1,1536,4608,0,5,1,1,9,0,0,1,2906,0,0,2905,0,53248,0,0,0,0,-1,-1,0,1
Mon Sep 02 18:00:28 577 BST 2019,0,0,12864,1,1536,4608,0,5,1,1,9,0,0,1,2909,0,0,2908,0,53248,0,0,0,0,-1,-1,0,1
Mon Sep 02 18:00:58 582 BST 2019,0,0,12864,1,1536,4608,0,5,1,1,9,0,0,1,2912,0,0,2911,0,53248,0,0,0,0,-1,-1,0,3
Mon Sep 02 18:01:28 584 BST 2019,0,0,12864,1,1536,4608,0,5,1,1,9,0,0,1,2915,0,0,2914,0,53248,0,0,0,0,-1,-1,0,2
Mon Sep 02 18:01:58 588 BST 2019,0,0,12864,1,1536,4608,0,5,1,1,9,0,0,1,2918,0,0,2917,0,53248,0,0,0,0,-1,-1,0,2
Mon Sep 02 18:02:28 590 BST 2019,0,0,12864,1,1536,4608,0,5,1,1,9,0,0,1,2921,0,0,2920,0,53248,0,0,0,0,-1,-1,0,1
Mon Sep 02 18:02:58 591 BST 2019,0,0,12864,1,1536,4608,0,5,1,1,9,0,0,1,2924,0,0,2923,0,53248,0,0,0,0,-1,-1,0,0
Mon Sep 02 18:03:28 595 BST 2019,0,0,12864,1,1536,4608,0,5,1,1,9,0,0,1,2927,0,0,2926,0,53248,0,0,0,0,-1,-1,0,3
Mon Sep 02 18:03:58 597 BST 2019,0,0,12864,1,1536,4608,0,5,1,1,9,0,0,1,2930,0,0,2929,0,53248,0,0,0,0,-1,-1,0,1
Mon Sep 02 18:04:28 599 BST 2019,0,0,12864,1,1536,4608,0,5,1,1,9,0,0,1,2933,0,0,2932,0,53248,0,0,0,0,-1,-1,0,1
Mon Sep 02 18:04:58 603 BST 2019,0,0,12864,1,1536,4608,0,5,1,1,9,0,0,1,2936,0,0,2935,0,53248,0,0,0,0,-1,-1,0,2
Mon Sep 02 18:05:28 606 BST 2019,0,0,12864,1,1536,4608,0,5,1,1,9,0,0,1,2939,0,0,2938,0,53248,0,0,0,0,-1,-1,0,1
Mon Sep 02 18:05:58 608 BST 2019,0,0,12864,1,1536,4608,0,5,1,1,9,0,0,1,2942,0,0,2941,0,53248,0,0,0,0,-1,-1,0,1
Mon Sep 02 18:06:28 612 BST 2019,0,0,12864,1,1536,4608,0,5,1,1,9,0,0,1,2945,0,0,2944,0,53248,0,0,0,0,-1,-1,0,2
Mon Sep 02 18:06:58 614 BST 2019,0,0,12864,1,1536,4608,0,5,1,1,9,0,0,1,2948,0,0,2947,0,53248,0,0,0,0,-1,-1,0,1
Mon Sep 02 18:07:28 615 BST 2019,0,0,12864,1,1536,4608,0,5,1,1,9,0,0,1,2951,0,0,2950,0,53248,0,0,0,0,-1,-1,0,0
Mon Sep 02 18:07:58 620 BST 2019,0,0,12864,1,1536,4608,0,5,1,1,9,0,0,1,2954,0,0,2953,0,53248,0,0,0,0,-1,-1,0,2
Mon Sep 02 18:08:28 623 BST 2019,0,0,12864,1,1536,4608,0,5,1,1,9,0,0,1,2957,0,0,2956,0,53248,0,0,0,0,-1,-1,0,2
Mon Sep 02 18:08:58 628 BST 2019,0,0,12864,1,1536,4608,0,5,1,1,9,0,0,1,2960,0,0,2959,0,53248,0,0,0,0,-1,-1,0,2
Mon Sep 02 18:09:28 631 BST 2019,0,0,12864,1,1536,4608,0,5,1,1,9,0,0,1,2963,0,0,2962,0,53248,0,0,0,0,-1,-1,0,2
Mon Sep 02 18:09:58 636 BST 2019,0,0,12864,1,1536,4608,0,5,1,1,9,0,0,1,2966,0,0,2965,0,53248,0,0,0,0,-1,-1,0,2
Mon Sep 02 18:10:28 639 BST 2019,0,0,12864,1,1536,4608,0,5,1,1,9,0,0,1,2969,0,0,2968,0,53248,0,0,0,0,-1,-1,0,2
Mon Sep 02 18:10:58 643 BST 2019,0,0,12864,1,1536,4608,0,5,1,1,9,0,0,1,2972,0,0,2971,0,53248,0,0,0,0,-1,-1,0,2
Mon Sep 02 18:11:28 646 BST 2019,0,0,12864,1,1536,4608,0,5,1,1,9,0,0,1,2975,0,0,2974,0,53248,0,0,0,0,-1,-1,0,0
Mon Sep 02 18:11:58 649 BST 2019,0,0,12864,1,1536,4608,0,5,1,1,9,0,0,1,2978,0,0,2977,0,53248,0,0,0,0,-1,-1,0,2
Mon Sep 02 18:12:28 652 BST 2019,0,0,12864,1,1536,4608,0,5,1,1,9,0,0,1,2981,0,0,2980,0,53248,0,0,0,0,-1,-1,0,2
Mon Sep 02 18:12:58 654 BST 2019,0,0,12864,1,1536,4608,0,5,1,1,9,0,0,1,2984,0,0,2983,0,53248,0,0,0,0,-1,-1,0,1
Mon Sep 02 18:13:28 658 BST 2019,0,0,12864,1,1536,4608,0,5,1,1,9,0,0,1,2987,0,0,2986,0,53248,0,0,0,0,-1,-1,0,2
Mon Sep 02 18:13:58 661 BST 2019,0,0,12864,1,1536,4608,0,5,1,1,9,0,0,1,2990,0,0,2989,0,53248,0,0,0,0,-1,-1,0,2
Mon Sep 02 18:14:28 662 BST 2019,0,0,12864,1,1536,4608,0,5,1,1,9,0,0,1,2993,0,0,2992,0,53248,0,0,0,0,-1,-1,0,0
Mon Sep 02 18:14:58 666 BST 2019,0,0,12864,1,1536,4608,0,5,1,1,9,0,0,1,2996,0,0,2995,0,53248,0,0,0,0,-1,-1,0,3
Mon Sep 02 18:15:28 671 BST 2019,0,0,12864,1,1536,4608,0,5,1,1,9,0,0,1,2999,0,0,2998,0,53248,0,0,0,0,-1,-1,0,3
Mon Sep 02 18:15:58 674 BST 2019,0,0,12864,1,1536,4608,0,5,1,1,9,0,0,1,3002,0,0,3001,0,53248,0,0,0,0,-1,-1,0,2
Mon Sep 02 18:16:28 676 BST 2019,0,0,12864,1,1536,4608,0,5,1,1,9,0,0,1,3005,0,0,3004,0,53248,0,0,0,0,-1,-1,0,0
Mon Sep 02 18:16:58 679 BST 2019,0,0,12864,1,1536,4608,0,5,1,1,9,0,0,1,3008,0,0,3007,0,53248,0,0,0,0,-1,-1,0,2
Mon Sep 02 18:17:28 703 BST 2019,0,0,12864,1,1536,4608,0,5,1,1,9,0,0,1,3011,0,0,3010,0,53248,0,0,0,0,-1,-1,0,2
Mon Sep 02 18:17:58 704 BST 2019,0,0,12864,1,1536,4608,0,5,1,1,9,0,0,1,3014,0,0,3013,0,53248,0,0,0,0,-1,-1,0,0
Mon Sep 02 18:18:28 708 BST 2019,0,0,12864,1,1536,4608,0,5,1,1,9,0,0,1,3017,0,0,3016,0,53248,0,0,0,0,-1,-1,0,2
Mon Sep 02 18:18:58 720 BST 2019,0,0,12864,1,1536,4608,0,5,1,1,9,0,0,1,3020,0,0,3019,0,53248,0,0,0,0,-1,-1,0,2
Mon Sep 02 18:19:28 735 BST 2019,0,0,12864,1,1536,4608,0,5,1,1,9,0,0,1,3023,0,0,3022,0,53248,0,0,0,0,-1,-1,0,2
Mon Sep 02 18:19:58 750 BST 2019,0,0,12864,1,1536,4608,0,5,1,1,9,0,0,1,3026,0,0,3025,0,53248,0,0,0,0,-1,-1,0,2
Mon Sep 02 18:20:28 751 BST 2019,0,0,12864,1,1536,4608,0,5,1,1,9,0,0,1,3029,0,0,3028,0,53248,0,0,0,0,-1,-1,0,2
Mon Sep 02 18:20:58 754 BST 2019,0,0,12864,1,1536,4608,0,5,1,1,9,0,0,1,3032,0,0,3031,0,53248,0,0,0,0,-1,-1,0,2
Mon Sep 02 18:21:28 758 BST 2019,0,0,12864,1,1536,4608,0,5,1,1,9,0,0,1,3035,0,0,3034,0,53248,0,0,0,0,-1,-1,0,2
Mon Sep 02 18:21:58 758 BST 2019,0,0,12864,1,1536,4608,0,5,1,1,9,0,0,1,3038,0,0,3037,0,53248,0,0,0,0,-1,-1,0,0
Mon Sep 02 18:22:28 761 BST 2019,0,0,12864,1,1536,4608,0,5,1,1,9,0,0,1,3041,0,0,3040,0,53248,0,0,0,0,-1,-1,0,1
Mon Sep 02 18:22:58 765 BST 2019,0,0,12864,1,1536,4608,0,5,1,1,9,0,0,1,3044,0,0,3043,0,53248,0,0,0,0,-1,-1,0,2
Mon Sep 02 18:23:28 766 BST 2019,0,0,12864,1,1536,4608,0,5,1,1,9,0,0,1,3047,0,0,3046,0,53248,0,0,0,0,-1,-1,0,2
Mon Sep 02 18:23:58 791 BST 2019,0,0,12864,1,1536,4608,0,5,1,1,9,0,0,1,3050,0,0,3049,0,53248,0,0,0,0,-1,-1,0,2
Mon Sep 02 18:24:28 796 BST 2019,0,0,12864,1,1536,4608,0,5,1,1,9,0,0,1,3053,0,0,3052,0,53248,0,0,0,0,-1,-1,0,2
Mon Sep 02 18:24:58 806 BST 2019,0,0,12864,1,1536,4608,0,5,1,1,9,0,0,1,3056,0,0,3055,0,53248,0,0,0,0,-1,-1,0,20
Mon Sep 02 18:25:28 816 BST 2019,0,0,12864,1,1536,4608,0,5,1,1,9,0,0,1,3059,0,0,3058,0,53248,0,0,0,0,-1,-1,0,2
Mon Sep 02 18:25:58 830 BST 2019,0,0,12864,1,1536,4608,0,5,1,1,9,0,0,1,3062,0,0,3061,0,53248,0,0,0,0,-1,-1,0,2
Mon Sep 02 18:26:28 853 BST 2019,0,0,12864,1,1536,4608,0,5,1,1,9,0,0,1,3065,0,0,3064,0,53248,0,0,0,0,-1,-1,0,2
Mon Sep 02 18:26:58 878 BST 2019,0,0,12864,1,1536,4608,0,5,1,1,9,0,0,1,3068,0,0,3067,0,53248,0,0,0,0,-1,-1,0,2
Mon Sep 02 18:27:28 882 BST 2019,0,0,12864,1,1536,4608,0,5,1,1,9,0,0,1,3071,0,0,3070,0,53248,0,0,0,0,-1,-1,0,2
Mon Sep 02 18:27:58 886 BST 2019,0,0,12864,1,1536,4608,0,5,1,1,9,0,0,1,3074,0,0,3073,0,53248,0,0,0,0,-1,-1,0,2
Mon Sep 02 18:28:28 888 BST 2019,0,0,12864,1,1536,4608,0,5,1,1,9,0,0,1,3077,0,0,3076,0,53248,0,0,0,0,-1,-1,0,2
Mon Sep 02 18:28:58 896 BST 2019,0,0,12864,1,1536,4608,0,5,1,1,9,0,0,1,3080,0,0,3079,0,53248,0,0,0,0,-1,-1,0,2
Mon Sep 02 18:29:28 898 BST 2019,0,0,12864,1,1536,4608,0,5,1,1,9,0,0,1,3083,0,0,3082,0,53248,0,0,0,0,-1,-1,0,2
Mon Sep 02 18:29:58 902 BST 2019,0,0,12864,1,1536,4608,0,5,1,1,9,0,0,1,3086,0,0,3085,0,53248,0,0,0,0,-1,-1,0,2
Mon Sep 02 18:30:28 917 BST 2019,0,0,12864,1,1536,4608,0,5,1,1,9,0,0,1,3089,0,0,3088,0,53248,0,0,0,0,-1,-1,0,2
Mon Sep 02 18:30:58 920 BST 2019,0,0,12864,1,1536,4608,0,5,1,1,9,0,0,1,3092,0,0,3091,0,53248,0,0,0,0,-1,-1,0,2
Mon Sep 02 18:31:28 926 BST 2019,0,0,12864,1,1536,4608,0,5,1,1,9,0,0,1,3095,0,0,3094,0,53248,0,0,0,0,-1,-1,0,2
Mon Sep 02 18:31:58 928 BST 2019,0,0,12864,1,1536,4608,0,5,1,1,9,0,0,1,3098,0,0,3097,0,53248,0,0,0,0,-1,-1,0,2
Mon Sep 02 18:32:28 932 BST 2019,0,0,12864,1,1536,4608,0,5,1,1,9,0,0,1,3101,0,0,3100,0,53248,0,0,0,0,-1,-1,0,2
Mon Sep 02 18:32:58 944 BST 2019,0,0,12864,1,1536,4608,0,5,1,1,9,0,0,1,3104,0,0,3103,0,53248,0,0,0,0,-1,-1,0,2
Mon Sep 02 18:33:28 948 BST 2019,0,0,12864,1,1536,4608,0,5,1,1,9,0,0,1,3107,0,0,3106,0,53248,0,0,0,0,-1,-1,0,2
Mon Sep 02 18:33:58 950 BST 2019,0,0,12864,1,1536,4608,0,5,1,1,9,0,0,1,3110,0,0,3109,0,53248,0,0,0,0,-1,-1,0,2
Mon Sep 02 18:34:28 963 BST 2019,0,0,12864,1,1536,4608,0,5,1,1,9,0,0,1,3113,0,0,3112,0,53248,0,0,0,0,-1,-1,0,2
Mon Sep 02 18:34:58 964 BST 2019,0,0,12864,1,1536,4608,0,5,1,1,9,0,0,1,3116,0,0,3115,0,53248,0,0,0,0,-1,-1,0,2
Mon Sep 02 18:35:28 967 BST 2019,0,0,12864,1,1536,4608,0,5,1,1,9,0,0,1,3119,0,0,3118,0,53248,0,0,0,0,-1,-1,0,2
Mon Sep 02 18:35:58 972 BST 2019,0,0,12864,1,1536,4608,0,5,1,1,9,0,0,1,3122,0,0,3121,0,53248,0,0,0,0,-1,-1,0,2
Mon Sep 02 18:36:28 981 BST 2019,0,0,12864,1,1536,4608,0,5,1,1,9,0,0,1,3125,0,0,3124,0,53248,0,0,0,0,-1,-1,0,0
Mon Sep 02 18:36:58 986 BST 2019,0,0,12864,1,1536,4608,0,5,1,1,9,0,0,1,3128,0,0,3127,0,53248,0,0,0,0,-1,-1,0,2
Mon Sep 02 18:37:29 005 BST 2019,0,0,12864,1,1536,4608,0,5,1,1,9,0,0,1,3131,0,0,3130,0,53248,0,0,0,0,-1,-1,0,2
Mon Sep 02 18:37:59 009 BST 2019,0,0,12864,1,1536,4608,0,5,1,1,9,0,0,1,3134,0,0,3133,0,53248,0,0,0,0,-1,-1,0,2
Mon Sep 02 18:38:29 013 BST 2019,0,0,12864,1,1536,4608,0,5,1,1,9,0,0,1,3137,0,0,3136,0,53248,0,0,0,0,-1,-1,0,2
Mon Sep 02 18:38:59 021 BST 2019,0,0,12864,1,1536,4608,0,5,1,1,9,0,0,1,3140,0,0,3139,0,53248,0,0,0,0,-1,-1,0,2
Mon Sep 02 18:39:29 038 BST 2019,0,0,12864,1,1536,4608,0,5,1,1,9,0,0,1,3143,0,0,3142,0,53248,0,0,0,0,-1,-1,0,3
Mon Sep 02 18:39:59 046 BST 2019,0,0,12864,1,1536,4608,0,5,1,1,9,0,0,1,3146,0,0,3145,0,53248,0,0,0,0,-1,-1,0,2
Mon Sep 02 18:40:29 055 BST 2019,0,0,12864,1,1536,4608,0,5,1,1,9,0,0,1,3149,0,0,3148,0,53248,0,0,0,0,-1,-1,0,2
Mon Sep 02 18:40:59 056 BST 2019,0,0,12864,1,1536,4608,0,5,1,1,9,0,0,1,3152,0,0,3151,0,53248,0,0,0,0,-1,-1,0,2
Mon Sep 02 18:41:29 059 BST 2019,0,0,12864,1,1536,4608,0,5,1,1,9,0,0,1,3155,0,0,3154,0,53248,0,0,0,0,-1,-1,0,2
Mon Sep 02 18:41:59 064 BST 2019,0,0,12864,1,1536,4608,0,5,1,1,9,0,0,1,3158,0,0,3157,0,53248,0,0,0,0,-1,-1,0,2
Mon Sep 02 18:42:29 067 BST 2019,0,0,12864,1,1536,4608,0,5,1,1,9,0,0,1,3161,0,0,3160,0,53248,0,0,0,0,-1,-1,0,2
Mon Sep 02 18:42:59 071 BST 2019,0,0,12864,1,1536,4608,0,5,1,1,9,0,0,1,3164,0,0,3163,0,53248,0,0,0,0,-1,-1,0,2
Mon Sep 02 18:43:29 074 BST 2019,0,0,12864,1,1536,4608,0,5,1,1,9,0,0,1,3167,0,0,3166,0,53248,0,0,0,0,-1,-1,0,2
Mon Sep 02 18:43:59 082 BST 2019,0,0,12864,1,1536,4608,0,5,1,1,9,0,0,1,3170,0,0,3169,0,53248,0,0,0,0,-1,-1,0,2
Mon Sep 02 18:44:29 088 BST 2019,0,0,12864,1,1536,4608,0,5,1,1,9,0,0,1,3173,0,0,3172,0,53248,0,0,0,0,-1,-1,0,2
Mon Sep 02 18:44:59 093 BST 2019,0,0,12864,1,1536,4608,0,5,1,1,9,0,0,1,3176,0,0,3175,0,53248,0,0,0,0,-1,-1,0,2
Mon Sep 02 18:45:29 100 BST 2019,0,0,12864,1,1536,4608,0,5,1,1,9,0,0,1,3179,0,0,3178,0,53248,0,0,0,0,-1,-1,0,2
Mon Sep 02 18:45:59 103 BST 2019,0,0,12864,1,1536,4608,0,5,1,1,9,0,0,1,3182,0,0,3181,0,53248,0,0,0,0,-1,-1,0,2
Mon Sep 02 18:46:29 112 BST 2019,0,0,12864,1,1536,4608,0,5,1,1,9,0,0,1,3185,0,0,3184,0,53248,0,0,0,0,-1,-1,0,2
Mon Sep 02 18:46:59 115 BST 2019,0,0,12864,1,1536,4608,0,5,1,1,9,0,0,1,3188,0,0,3187,0,53248,0,0,0,0,-1,-1,0,0
Mon Sep 02 18:47:29 118 BST 2019,0,0,12864,1,1536,4608,0,5,1,1,9,0,0,1,3191,0,0,3190,0,53248,0,0,0,0,-1,-1,0,2
Mon Sep 02 18:47:59 130 BST 2019,0,0,12864,1,1536,4608,0,5,1,1,9,0,0,1,3194,0,0,3193,0,53248,0,0,0,0,-1,-1,0,2
Mon Sep 02 18:48:29 138 BST 2019,0,0,12864,1,1536,4608,0,5,1,1,9,0,0,1,3197,0,0,3196,0,53248,0,0,0,0,-1,-1,0,2
Mon Sep 02 18:48:59 152 BST 2019,0,0,12864,1,1536,4608,0,5,1,1,9,0,0,1,3200,0,0,3199,0,53248,0,0,0,0,-1,-1,0,2
Mon Sep 02 18:49:29 155 BST 2019,0,0,12864,1,1536,4608,0,5,1,1,9,0,0,1,3203,0,0,3202,0,53248,0,0,0,0,-1,-1,0,2
Mon Sep 02 18:49:59 164 BST 2019,0,0,12864,1,1536,4608,0,5,1,1,9,0,0,1,3206,0,0,3205,0,53248,0,0,0,0,-1,-1,0,2
Mon Sep 02 18:50:29 167 BST 2019,0,0,12864,1,1536,4608,0,5,1,1,9,0,0,1,3209,0,0,3208,0,53248,0,0,0,0,-1,-1,0,2
Mon Sep 02 18:50:59 176 BST 2019,0,0,12864,1,1536,4608,0,5,1,1,9,0,0,1,3212,0,0,3211,0,53248,0,0,0,0,-1,-1,0,2
